2004-02-16,5666.7
2004-02-17,5566.7
2004-02-18,5333.3
2004-02-19,5566.7
2004-02-20,5533.3
2004-02-23,5733.3
2004-02-24,5700.0
2004-02-25,5600.0
2004-02-26,5833.3
2004-02-27,5833.3
2004-03-01,5866.7
2004-03-02,5800.0
2004-03-03,5800.0
2004-03-04,5800.0
2004-03-05,5900.0
2004-03-08,5966.7
2004-03-09,6033.3
2004-03-10,6333.3
2004-03-11,6833.3
2004-03-12,6700.0
2004-03-15,6800.0
2004-03-16,6700.0
2004-03-17,6700.0
2004-03-18,6900.0
2004-03-19,6666.7
2004-03-22,6566.7
2004-03-23,6600.0
2004-03-24,6566.7
2004-03-25,6533.3
2004-03-26,6966.7
2004-03-29,6866.7
2004-03-30,6966.7
2004-03-31,7033.3
2004-04-01,7866.7
2004-04-02,8233.3
2004-04-05,8200.0
2004-04-06,7933.3
2004-04-07,7766.7
2004-04-08,8400.0
2004-04-09,7966.7
2004-04-12,8266.7
2004-04-14,10933.3
2004-04-15,10600.0
2004-04-16,10500.0
2004-04-19,10333.3
2004-04-20,10466.7
2004-04-21,11133.3
2004-04-22,11833.3
2004-04-23,13200.0
2004-04-26,12400.0
2004-04-27,12300.0
2004-04-28,13000.0
2004-04-30,14200.0
2004-05-06,16200.0
2004-05-07,15900.0
2004-05-10,12900.0
2004-05-11,12000.0
2004-05-12,13100.0
2004-05-13,12700.0
2004-05-14,12400.0
2004-05-17,10800.0
2004-05-18,12200.0
2004-05-19,13900.0
2004-05-20,13300.0
2004-05-21,13400.0
2004-05-24,13200.0
2004-05-25,13200.0
2004-05-26,13400.0
2004-05-27,13400.0
2004-05-28,13600.0
2004-05-31,14000.0
2004-06-01,14400.0
2004-06-02,14200.0
2004-06-03,13900.0
2004-06-04,13700.0
2004-06-07,13900.0
2004-06-08,13800.0
2004-06-09,13800.0
2004-06-10,13600.0
2004-06-11,13400.0
2004-06-14,14000.0
2004-06-15,13900.0
2004-06-16,13800.0
2004-06-17,13400.0
2004-06-18,15400.0
2004-06-21,15500.0
2004-06-22,15000.0
2004-06-23,14400.0
2004-06-24,15000.0
2004-06-25,14800.0
2004-06-28,13900.0
2004-06-29,14100.0
2004-06-30,15300.0
2004-07-01,16000.0
2004-07-02,16300.0
2004-07-05,16600.0
2004-07-06,15400.0
2004-07-07,15300.0
2004-07-08,14900.0
2004-07-09,15600.0
2004-07-12,16200.0
2004-07-13,16100.0
2004-07-14,15400.0
2004-07-15,15200.0
2004-07-16,15300.0
2004-07-20,14900.0
2004-07-21,15200.0
2004-07-22,14900.0
2004-07-23,14600.0
2004-07-26,14300.0
2004-07-27,12300.0
2004-07-28,12900.0
2004-07-29,12600.0
2004-07-30,11900.0
2004-08-02,11100.0
2004-08-03,9990.0
2004-08-04,11000.0
2004-08-05,12300.0
2004-08-06,12200.0
2004-08-09,12600.0
2004-08-10,12600.0
2004-08-11,12600.0
2004-08-12,12600.0
2004-08-13,12200.0
2004-08-16,12200.0
2004-08-17,12100.0
2004-08-18,12000.0
2004-08-19,11900.0
2004-08-20,12200.0
2004-08-23,13400.0
2004-08-24,12800.0
2004-08-25,12900.0
2004-08-26,12800.0
2004-08-27,12800.0
2004-08-30,12600.0
2004-08-31,12200.0
2004-09-01,12400.0
2004-09-02,12300.0
2004-09-03,12400.0
2004-09-06,12300.0
2004-09-07,12200.0
2004-09-08,12400.0
2004-09-09,12300.0
2004-09-10,12100.0
2004-09-13,14100.0
2004-09-14,13400.0
2004-09-15,12600.0
2004-09-16,12800.0
2004-09-17,12800.0
2004-09-21,11900.0
2004-09-22,11500.0
2004-09-24,10300.0
2004-09-28,11700.0
2004-09-29,11500.0
2004-09-30,12200.0
2004-10-01,12300.0
2004-10-04,12600.0
2004-10-05,12000.0
2004-10-06,12200.0
2004-10-07,12200.0
2004-10-08,12000.0
2004-10-12,11300.0
2004-10-13,11400.0
2004-10-14,11200.0
2004-10-15,11200.0
2004-10-18,11000.0
2004-10-19,11000.0
2004-10-20,10900.0
2004-10-21,10900.0
2004-10-22,11000.0
2004-10-25,10800.0
2004-10-26,11100.0
2004-10-27,12200.0
2004-10-28,12000.0
2004-10-29,11400.0
2004-11-01,11500.0
2004-11-02,11500.0
2004-11-04,11700.0
2004-11-05,12200.0
2004-11-08,11700.0
2004-11-09,11500.0
2004-11-10,11700.0
2004-11-11,11600.0
2004-11-12,12800.0
2004-11-15,13000.0
2004-11-16,12500.0
2004-11-17,12200.0
2004-11-18,11600.0
2004-11-19,11800.0
2004-11-22,12000.0
2004-11-24,12300.0
2004-11-25,11900.0
2004-11-26,11600.0
2004-11-29,11300.0
2004-11-30,10900.0
2004-12-01,11100.0
2004-12-02,10900.0
2004-12-03,10900.0
2004-12-06,10400.0
2004-12-07,10500.0
2004-12-08,10600.0
2004-12-09,10500.0
2004-12-10,9980.0
2004-12-13,9370.0
2004-12-14,9240.0
2004-12-15,8990.0
2004-12-16,9600.0
2004-12-17,10100.0
2004-12-20,9800.0
2004-12-21,9960.0
2004-12-22,9890.0
2004-12-24,9800.0
2004-12-27,9730.0
2004-12-28,9840.0
2004-12-29,10700.0
2004-12-30,10400.0
2005-01-04,10700.0
2005-01-05,10700.0
2005-01-06,11400.0
2005-01-07,10700.0
2005-01-11,10600.0
2005-01-12,10500.0
2005-01-13,10700.0
2005-01-14,10600.0
2005-01-17,11100.0
2005-01-18,11200.0
2005-01-19,11000.0
2005-01-20,10800.0
2005-01-21,10700.0
2005-01-24,10800.0
2005-01-25,11800.0
2005-01-26,11400.0
2005-01-27,12300.0
2005-01-28,11900.0
2005-01-31,12600.0
2005-02-01,12100.0
2005-02-02,13000.0
2005-02-03,12700.0
2005-02-04,12200.0
2005-02-07,12600.0
2005-02-08,13100.0
2005-02-09,12600.0
2005-02-10,12600.0
2005-02-14,12500.0
2005-02-15,12400.0
2005-02-16,11900.0
2005-02-17,11700.0
2005-02-18,11500.0
2005-02-21,12100.0
2005-02-22,11800.0
2005-02-23,12200.0
2005-02-24,11900.0
2005-02-25,11700.0
2005-02-28,11900.0
2005-03-01,11900.0
2005-03-02,11700.0
2005-03-03,11800.0
2005-03-04,12300.0
2005-03-07,12400.0
2005-03-08,12400.0
2005-03-09,12100.0
2005-03-10,12100.0
2005-03-11,12000.0
2005-03-14,12000.0
2005-03-15,12100.0
2005-03-16,12000.0
2005-03-17,12000.0
2005-03-18,11800.0
2005-03-22,11900.0
2005-03-23,12200.0
2005-03-24,12400.0
2005-03-25,12100.0
2005-03-28,12100.0
2005-03-29,11900.0
2005-03-30,11900.0
2005-03-31,12000.0
2005-04-01,12100.0
2005-04-04,12500.0
2005-04-05,12500.0
2005-04-06,12200.0
2005-04-07,12200.0
2005-04-08,12200.0
2005-04-11,12200.0
2005-04-12,12000.0
2005-04-13,11800.0
2005-04-14,11600.0
2005-04-15,11500.0
2005-04-18,11000.0
2005-04-19,11200.0
2005-04-20,11300.0
2005-04-21,11100.0
2005-04-22,11400.0
2005-04-25,11600.0
2005-04-26,11400.0
2005-04-27,11600.0
2005-04-28,11300.0
2005-05-02,11100.0
2005-05-06,12200.0
2005-05-09,12100.0
2005-05-10,12000.0
2005-05-11,12000.0
2005-05-12,11900.0
2005-05-13,11500.0
2005-05-16,11000.0
2005-05-17,10900.0
2005-05-18,11300.0
2005-05-19,11200.0
2005-05-20,11000.0
2005-05-23,11100.0
2005-05-24,10900.0
2005-05-25,11000.0
2005-05-26,10600.0
2005-05-27,10600.0
2005-05-30,10200.0
2005-05-31,10900.0
2005-06-01,10700.0
2005-06-02,10700.0
2005-06-03,10900.0
2005-06-06,11000.0
2005-06-07,11000.0
2005-06-08,10900.0
2005-06-09,10800.0
2005-06-10,11000.0
2005-06-13,10800.0
2005-06-14,10800.0
2005-06-15,10800.0
2005-06-16,10800.0
2005-06-17,11200.0
2005-06-20,11200.0
2005-06-21,11400.0
2005-06-22,11600.0
2005-06-23,11900.0
2005-06-24,12200.0
2005-06-27,11900.0
2005-06-28,11600.0
2005-06-29,12200.0
2005-06-30,12300.0
2005-07-01,12000.0
2005-07-04,11800.0
2005-07-05,11600.0
2005-07-06,11800.0
2005-07-07,11900.0
2005-07-08,12200.0
2005-07-11,12400.0
2005-07-12,12000.0
2005-07-13,12100.0
2005-07-14,12200.0
2005-07-15,12000.0
2005-07-19,12300.0
2005-07-20,12000.0
2005-07-21,12300.0
2005-07-22,12200.0
2005-07-25,12300.0
2005-07-26,12100.0
2005-07-27,12500.0
2005-07-28,12700.0
2005-07-29,13100.0
2005-08-01,13000.0
2005-08-02,12700.0
2005-08-03,12700.0
2005-08-04,12000.0
2005-08-05,11600.0
2005-08-08,11700.0
2005-08-09,12100.0
2005-08-10,11900.0
2005-08-11,12000.0
2005-08-12,11800.0
2005-08-15,12000.0
2005-08-16,12300.0
2005-08-17,12200.0
2005-08-18,12300.0
2005-08-19,12100.0
2005-08-22,11800.0
2005-08-23,11700.0
2005-08-24,11800.0
2005-08-25,11600.0
2005-08-26,11700.0
2005-08-29,11700.0
2005-08-30,11800.0
2005-08-31,11700.0
2005-09-01,11500.0
2005-09-02,11400.0
2005-09-05,11300.0
2005-09-06,11600.0
2005-09-07,11500.0
2005-09-08,11400.0
2005-09-09,11600.0
2005-09-12,11700.0
2005-09-13,12000.0
2005-09-14,12000.0
2005-09-15,13100.0
2005-09-16,12800.0
2005-09-20,13000.0
2005-09-21,12800.0
2005-09-22,12700.0
2005-09-26,12600.0
2005-09-27,12500.0
2005-09-28,12600.0
2005-09-29,12300.0
2005-09-30,12500.0
2005-10-03,12800.0
2005-10-04,13000.0
2005-10-05,14800.0
2005-10-06,14500.0
2005-10-07,14100.0
2005-10-11,14000.0
2005-10-12,13900.0
2005-10-13,13500.0
2005-10-14,14200.0
2005-10-17,15100.0
2005-10-18,15000.0
2005-10-19,15500.0
2005-10-20,15400.0
2005-10-21,14300.0
2005-10-24,14500.0
2005-10-25,15500.0
2005-10-26,15300.0
2005-10-27,15300.0
2005-10-28,15800.0
2005-10-31,16200.0
2005-11-01,16100.0
2005-11-02,16200.0
2005-11-04,16900.0
2005-11-07,16800.0
2005-11-08,16600.0
2005-11-09,16100.0
2005-11-10,15800.0
2005-11-11,16100.0
2005-11-14,15800.0
2005-11-15,15800.0
2005-11-16,16400.0
2005-11-17,16400.0
2005-11-18,16200.0
2005-11-21,16900.0
2005-11-22,16800.0
2005-11-24,16400.0
2005-11-25,16300.0
2005-11-28,16100.0
2005-11-29,16800.0
2005-11-30,17500.0
2005-12-01,18100.0
2005-12-02,17700.0
2005-12-05,18400.0
2005-12-06,19000.0
2005-12-07,19100.0
2005-12-08,18100.0
2005-12-09,18700.0
2005-12-12,18700.0
2005-12-13,18500.0
2005-12-14,18400.0
2005-12-15,18400.0
2005-12-16,20000.0
2005-12-19,20500.0
2005-12-20,21800.0
2005-12-21,21000.0
2005-12-22,20400.0
2005-12-26,20800.0
2005-12-27,20400.0
2005-12-28,20100.0
2005-12-29,19400.0
2005-12-30,19700.0
2006-01-04,19900.0
2006-01-05,20600.0
2006-01-06,20600.0
2006-01-10,20800.0
2006-01-11,20500.0
2006-01-12,20500.0
2006-01-13,21900.0
2006-01-16,22200.0
2006-01-17,19100.0
2006-01-18,16100.0
2006-01-19,19400.0
2006-01-20,19000.0
2006-01-23,17300.0
2006-01-24,18900.0
2006-01-25,18900.0
2006-01-26,19200.0
2006-01-27,19200.0
2006-01-30,19800.0
2006-01-31,20700.0
2006-02-01,20100.0
2006-02-02,20600.0
2006-02-03,20700.0
2006-02-06,21500.0
2006-02-07,21600.0
2006-02-08,20900.0
2006-02-09,20800.0
2006-02-10,20400.0
2006-02-13,18700.0
2006-02-14,18500.0
2006-02-15,18900.0
2006-02-16,18000.0
2006-02-17,17600.0
2006-02-20,16600.0
2006-02-21,17900.0
2006-02-22,17000.0
2006-02-23,18000.0
2006-02-24,19300.0
2006-02-27,18700.0
2006-02-28,18900.0
2006-03-01,18200.0
2006-03-02,17500.0
2006-03-03,17000.0
2006-03-06,17500.0
2006-03-07,16600.0
2006-03-08,16600.0
2006-03-09,16700.0
2006-03-10,17300.0
2006-03-13,17200.0
2006-03-14,17200.0
2006-03-15,16900.0
2006-03-16,16300.0
2006-03-17,16900.0
2006-03-20,16800.0
2006-03-22,16900.0
2006-03-23,17200.0
2006-03-24,17400.0
2006-03-27,16800.0
2006-03-28,16800.0
2006-03-29,18000.0
2006-03-30,18600.0
2006-03-31,18500.0
2006-04-03,18800.0
2006-04-04,18800.0
2006-04-05,19400.0
2006-04-06,19300.0
2006-04-07,19400.0
2006-04-10,19200.0
2006-04-11,19100.0
2006-04-12,18900.0
2006-04-13,18000.0
2006-04-14,18400.0
2006-04-17,17300.0
2006-04-18,17700.0
2006-04-19,18400.0
2006-04-20,17900.0
2006-04-21,17100.0
2006-04-24,16500.0
2006-04-25,17700.0
2006-04-26,17400.0
2006-04-27,17300.0
2006-04-28,17300.0
2006-05-01,17000.0
2006-05-02,16800.0
2006-05-08,16700.0
2006-05-09,16400.0
2006-05-10,15900.0
2006-05-11,15000.0
2006-05-12,15800.0
2006-05-15,15600.0
2006-05-16,14500.0
2006-05-17,13800.0
2006-05-18,15500.0
2006-05-19,15700.0
2006-05-22,15000.0
2006-05-23,14400.0
2006-05-24,14500.0
2006-05-25,15700.0
2006-05-26,15300.0
2006-05-29,14600.0
2006-05-30,14400.0
2006-05-31,14800.0
2006-06-01,14400.0
2006-06-02,14300.0
2006-06-05,14600.0
2006-06-06,14000.0
2006-06-07,13400.0
2006-06-08,12100.0
2006-06-09,12600.0
2006-06-12,13200.0
2006-06-13,12800.0
2006-06-14,13900.0
2006-06-15,14100.0
2006-06-16,14800.0
2006-06-19,15200.0
2006-06-20,14400.0
2006-06-21,13600.0
2006-06-22,13900.0
2006-06-23,14000.0
2006-06-26,13800.0
2006-06-27,13900.0
2006-06-28,13800.0
2006-06-29,13800.0
2006-06-30,13700.0
2006-07-03,14200.0
2006-07-04,14200.0
2006-07-05,13800.0
2006-07-06,13500.0
2006-07-07,13100.0
2006-07-10,12900.0
2006-07-11,12700.0
2006-07-12,12300.0
2006-07-13,12300.0
2006-07-14,11800.0
2006-07-18,10600.0
2006-07-19,10400.0
2006-07-20,11900.0
2006-07-21,11500.0
2006-07-24,12000.0
2006-07-25,11600.0
2006-07-26,11100.0
2006-07-27,11000.0
2006-07-28,11200.0
2006-07-31,11700.0
2006-08-01,11400.0
2006-08-02,11500.0
2006-08-03,11500.0
2006-08-04,11500.0
2006-08-07,11000.0
2006-08-08,10900.0
2006-08-09,11000.0
2006-08-10,11500.0
2006-08-11,11800.0
2006-08-14,12200.0
2006-08-15,12100.0
2006-08-16,12500.0
2006-08-17,12600.0
2006-08-18,12600.0
2006-08-21,12300.0
2006-08-22,12700.0
2006-08-23,13100.0
2006-08-24,13000.0
2006-08-25,12600.0
2006-08-28,12300.0
2006-08-29,12600.0
2006-08-30,12500.0
2006-08-31,12400.0
2006-09-01,12400.0
2006-09-04,12300.0
2006-09-05,12400.0
2006-09-06,12100.0
2006-09-07,11900.0
2006-09-08,11800.0
2006-09-11,11400.0
2006-09-12,11700.0
2006-09-13,11600.0
2006-09-14,11200.0
2006-09-15,11200.0
2006-09-19,11500.0
2006-09-20,11400.0
2006-09-21,11300.0
2006-09-22,11400.0
2006-09-25,11200.0
2006-09-26,11100.0
2006-09-27,11200.0
2006-09-28,11500.0
2006-09-29,11700.0
2006-10-02,11500.0
2006-10-03,11200.0
2006-10-04,11200.0
2006-10-05,11700.0
2006-10-06,11200.0
2006-10-10,11400.0
2006-10-11,10800.0
2006-10-12,10900.0
2006-10-13,11600.0
2006-10-16,11700.0
2006-10-17,11900.0
2006-10-18,12200.0
2006-10-19,12900.0
2006-10-20,12300.0
2006-10-23,12500.0
2006-10-24,12400.0
2006-10-25,12500.0
2006-10-26,12300.0
2006-10-27,12000.0
2006-10-30,11700.0
2006-10-31,11500.0
2006-11-01,12000.0
2006-11-02,11400.0
2006-11-06,11400.0
2006-11-07,11400.0
2006-11-08,11300.0
2006-11-09,11200.0
2006-11-10,11000.0
2006-11-13,11300.0
2006-11-14,12000.0
2006-11-15,11900.0
2006-11-16,12100.0
2006-11-17,11800.0
2006-11-20,11100.0
2006-11-21,11500.0
2006-11-22,11800.0
2006-11-24,12000.0
2006-11-27,12500.0
2006-11-28,12400.0
2006-11-29,12500.0
2006-11-30,12700.0
2006-12-01,12400.0
2006-12-04,12700.0
2006-12-05,12200.0
2006-12-06,12200.0
2006-12-07,11400.0
2006-12-08,11500.0
2006-12-11,11400.0
2006-12-12,11200.0
2006-12-13,11300.0
2006-12-14,11200.0
2006-12-15,11200.0
2006-12-18,11500.0
2006-12-19,11200.0
2006-12-20,10700.0
2006-12-21,10300.0
2006-12-22,9920.0
2006-12-25,10400.0
2006-12-26,10000.0
2006-12-27,10100.0
2006-12-28,9710.0
2006-12-29,9380.0
2007-01-04,9400.0
2007-01-05,8910.0
2007-01-09,8480.0
2007-01-10,8510.0
2007-01-11,8320.0
2007-01-12,7870.0
2007-01-15,7740.0
2007-01-16,8740.0
2007-01-17,8630.0
2007-01-18,9310.0
2007-01-19,9310.0
2007-01-22,8990.0
2007-01-23,8510.0
2007-01-24,8510.0
2007-01-25,8450.0
2007-01-26,8310.0
2007-01-29,8380.0
2007-01-30,8160.0
2007-01-31,8160.0
2007-02-01,8030.0
2007-02-02,8360.0
2007-02-05,8040.0
2007-02-06,8070.0
2007-02-07,7950.0
2007-02-08,7800.0
2007-02-09,7770.0
2007-02-13,7770.0
2007-02-14,8050.0
2007-02-15,7880.0
2007-02-16,8550.0
2007-02-19,9300.0
2007-02-20,9090.0
2007-02-21,8320.0
2007-02-22,8430.0
2007-02-23,8410.0
2007-02-26,8260.0
2007-02-27,8000.0
2007-02-28,7890.0
2007-03-01,8030.0
2007-03-02,7780.0
2007-03-05,7320.0
2007-03-06,7550.0
2007-03-07,7410.0
2007-03-08,7600.0
2007-03-09,7570.0
2007-03-12,7490.0
2007-03-13,7460.0
2007-03-14,7530.0
2007-03-15,7430.0
2007-03-16,7260.0
2007-03-19,6890.0
2007-03-20,6970.0
2007-03-22,7250.0
2007-03-23,7160.0
2007-03-26,7360.0
2007-03-27,7250.0
2007-03-28,7220.0
2007-03-29,7220.0
2007-03-30,7290.0
2007-04-02,7110.0
2007-04-03,7160.0
2007-04-04,7390.0
2007-04-05,7540.0
2007-04-06,7500.0
2007-04-09,7550.0
2007-04-10,7480.0
2007-04-11,7740.0
2007-04-12,7950.0
2007-04-13,7960.0
2007-04-16,7930.0
2007-04-17,8150.0
2007-04-18,7980.0
2007-04-19,7820.0
2007-04-20,7580.0
2007-04-23,7660.0
2007-04-24,7940.0
2007-04-25,7850.0
2007-04-26,8100.0
2007-04-27,8200.0
2007-05-01,8260.0
2007-05-02,8590.0
2007-05-07,8590.0
2007-05-08,8680.0
2007-05-09,8620.0
2007-05-10,8540.0
2007-05-11,8450.0
2007-05-14,8230.0
2007-05-15,8220.0
2007-05-16,8290.0
2007-05-17,8400.0
2007-05-18,8160.0
2007-05-21,8330.0
2007-05-22,8250.0
2007-05-23,8500.0
2007-05-24,8430.0
2007-05-25,7430.0
2007-05-28,6430.0
2007-05-29,5930.0
2007-05-30,5430.0
2007-05-31,4930.0
2007-06-01,4530.0
2007-06-04,4390.0
2007-06-05,4450.0
2007-06-06,4690.0
2007-06-07,5090.0
2007-06-08,4910.0
2007-06-11,4510.0
2007-06-12,4320.0
2007-06-13,4510.0
2007-06-14,4415.0
2007-06-15,4555.0
2007-06-18,4540.0
2007-06-19,4465.0
2007-06-20,4470.0
2007-06-21,4620.0
2007-06-22,4555.0
2007-06-25,4485.0
2007-06-26,4355.0
2007-06-27,4520.0
2007-06-28,4500.0
2007-06-29,4415.0
2007-07-02,4560.0
2007-07-03,4520.0
2007-07-04,4475.0
2007-07-05,4380.0
2007-07-06,4345.0
2007-07-09,4320.0
2007-07-10,4260.0
2007-07-11,4220.0
2007-07-12,4225.0
2007-07-13,4150.0
2007-07-17,3940.0
2007-07-18,3780.0
2007-07-19,3750.0
2007-07-20,3595.0
2007-07-23,3560.0
2007-07-24,3735.0
2007-07-25,3690.0
2007-07-26,3490.0
2007-07-27,3410.0
2007-07-30,3335.0
2007-07-31,3420.0
2007-08-01,3205.0
2007-08-02,3265.0
2007-08-03,3330.0
2007-08-06,3210.0
2007-08-07,3120.0
2007-08-08,2920.0
2007-08-09,2890.0
2007-08-10,2590.0
2007-08-13,2878.0
2007-08-14,2738.0
2007-08-15,2475.0
2007-08-16,2407.0
2007-08-17,2213.0
2007-08-20,2082.0
2007-08-21,2212.0
2007-08-22,2252.0
2007-08-23,2397.0
2007-08-24,2417.0
2007-08-27,2290.0
2007-08-28,2191.0
2007-08-29,2295.0
2007-08-30,2258.0
2007-08-31,2312.0
2007-09-03,2258.0
2007-09-04,2129.0
2007-09-05,2117.0
2007-09-06,2215.0
2007-09-07,2195.0
2007-09-10,2062.0
2007-09-11,2012.0
2007-09-12,2018.0
2007-09-13,1899.0
2007-09-14,1986.0
2007-09-18,1848.0
2007-09-19,1925.0
2007-09-20,1920.0
2007-09-21,1828.0
2007-09-25,1815.0
2007-09-26,2005.0
2007-09-27,2273.0
2007-09-28,2141.0
2007-10-01,2100.0
2007-10-02,2344.0
2007-10-03,2644.0
2007-10-04,2943.0
2007-10-05,2875.0
2007-10-09,2951.0
2007-10-10,2781.0
2007-10-11,2731.0
2007-10-12,2622.0
2007-10-15,2570.0
2007-10-16,2505.0
2007-10-17,2600.0
2007-10-18,2711.0
2007-10-19,2622.0
2007-10-22,2517.0
2007-10-23,2345.0
2007-10-24,2374.0
2007-10-25,2318.0
2007-10-26,2286.0
2007-10-29,2373.0
2007-10-30,2673.0
2007-10-31,2720.0
2007-11-01,2700.0
2007-11-02,2712.0
2007-11-05,2483.0
2007-11-06,2417.0
2007-11-07,2384.0
2007-11-08,2258.0
2007-11-09,2218.0
2007-11-12,2113.0
2007-11-13,2293.0
2007-11-14,2337.0
2007-11-15,2438.0
2007-11-16,2420.0
2007-11-19,2130.0
2007-11-20,2140.0
2007-11-21,2325.0
2007-11-22,2280.0
2007-11-26,1980.0
2007-11-27,1780.0
2007-11-28,1668.0
2007-11-29,1600.0
2007-11-30,1615.0
2007-12-03,1625.0
2007-12-04,1600.0
2007-12-05,1498.0
2007-12-06,1470.0
2007-12-07,1498.0
2007-12-10,1540.0
2007-12-11,1481.0
2007-12-12,1562.0
2007-12-13,1486.0
2007-12-14,1427.0
2007-12-17,1353.0
2007-12-18,1450.0
2007-12-19,1406.0
2007-12-20,1365.0
2007-12-21,1350.0
2007-12-25,1418.0
2007-12-26,1443.0
2007-12-27,1588.0
2007-12-28,1600.0
2008-01-04,1579.0
2008-01-07,1595.0
2008-01-08,1532.0
2008-01-09,1640.0
2008-01-10,1840.0
2008-01-11,1640.0
2008-01-15,1617.0
2008-01-16,1440.0
2008-01-17,1500.0
2008-01-18,1625.0
2008-01-21,1544.0
2008-01-22,1418.0
2008-01-23,1427.0
2008-01-24,1456.0
2008-01-25,1532.0
2008-01-28,1483.0
2008-01-29,1490.0
2008-01-30,1467.0
2008-01-31,1526.0
2008-02-01,1434.0
2008-02-04,1449.0
2008-02-05,1450.0
2008-02-06,1395.0
2008-02-07,1418.0
2008-02-08,1400.0
2008-02-12,1350.0
2008-02-13,1386.0
2008-02-14,1350.0
2008-02-15,1405.0
2008-02-18,1392.0
2008-02-19,1390.0
2008-02-20,1379.0
2008-02-21,1383.0
2008-02-22,1364.0
2008-02-25,1400.0
2008-02-26,1455.0
2008-02-27,1492.0
2008-02-28,1569.0
2008-02-29,1483.0
2008-03-03,1399.0
2008-03-04,1474.0
2008-03-05,1425.0
2008-03-06,1439.0
2008-03-07,1391.0
2008-03-10,1300.0
2008-03-11,1300.0
2008-03-12,1301.0
2008-03-13,1294.0
2008-03-14,1224.0
2008-03-17,1206.0
2008-03-18,1207.0
2008-03-19,1168.0
2008-03-21,1140.0
2008-03-24,1133.0
2008-03-25,1125.0
2008-03-26,1140.0
2008-03-27,1116.0
2008-03-28,1130.0
2008-03-31,1083.0
2008-04-01,1036.0
2008-04-02,1074.0
2008-04-03,1088.0
2008-04-04,1050.0
2008-04-07,1075.0
2008-04-08,1061.0
2008-04-09,1014.0
2008-04-10,1005.0
2008-04-11,995.0
2008-04-14,1018.0
2008-04-15,1104.0
2008-04-16,1083.0
2008-04-17,1010.0
2008-04-18,1005.0
2008-04-21,1003.0
2008-04-22,1005.0
2008-04-23,1000.0
2008-04-24,997.0
2008-04-25,1017.0
2008-04-28,1096.0
2008-04-30,1126.0
2008-05-01,1145.0
2008-05-02,1345.0
2008-05-07,1545.0
2008-05-08,1550.0
2008-05-09,1564.0
2008-05-12,1700.0
2008-05-13,1590.0
2008-05-14,1591.0
2008-05-15,1594.0
2008-05-16,1503.0
2008-05-19,1623.0
2008-05-20,1523.0
2008-05-21,1472.0
2008-05-22,1621.0
2008-05-23,1421.0
2008-05-26,1221.0
2008-05-27,1148.0
2008-05-28,1112.0
2008-05-29,1210.0
2008-05-30,1171.0
2008-06-02,1189.0
2008-06-03,1162.0
2008-06-04,1215.0
2008-06-05,1200.0
2008-06-06,1153.0
2008-06-09,1115.0
2008-06-10,1111.0
2008-06-11,1053.0
2008-06-12,1064.0
2008-06-13,1038.0
2008-06-16,1037.0
2008-06-17,1049.0
2008-06-18,1052.0
2008-06-19,1013.0
2008-06-20,992.0
2008-06-23,994.0
2008-06-24,990.0
2008-06-25,950.0
2008-06-26,930.0
2008-06-27,861.0
2008-06-30,837.0
2008-07-01,933.0
2008-07-02,869.0
2008-07-03,890.0
2008-07-04,869.0
2008-07-07,856.0
2008-07-08,824.0
2008-07-09,827.0
2008-07-10,828.0
2008-07-11,829.0
2008-07-14,819.0
2008-07-15,799.0
2008-07-16,822.0
2008-07-17,863.0
2008-07-18,867.0
2008-07-22,828.0
2008-07-23,838.0
2008-07-24,854.0
2008-07-25,848.0
2008-07-28,868.0
2008-07-29,846.0
2008-07-30,841.0
2008-07-31,836.0
2008-08-01,811.0
2008-08-04,807.0
2008-08-05,804.0
2008-08-06,818.0
2008-08-07,855.0
2008-08-08,847.0
2008-08-11,829.0
2008-08-12,815.0
2008-08-13,798.0
2008-08-14,736.0
2008-08-15,698.0
2008-08-18,660.0
2008-08-19,619.0
2008-08-20,548.0
2008-08-21,633.0
2008-08-22,567.0
2008-08-25,581.0
2008-08-26,585.0
2008-08-27,583.0
2008-08-28,568.0
2008-08-29,589.0
2008-09-01,578.0
2008-09-02,553.0
2008-09-03,543.0
2008-09-04,521.0
2008-09-05,521.0
2008-09-08,585.0
2008-09-09,532.0
2008-09-10,545.0
2008-09-11,556.0
2008-09-12,552.0
2008-09-16,591.0
2008-09-17,655.0
2008-09-18,755.0
2008-09-19,750.0
2008-09-22,650.0
2008-09-24,643.0
2008-09-25,609.0
2008-09-26,599.0
2008-09-29,561.0
2008-09-30,547.0
2008-10-01,565.0
2008-10-02,543.0
2008-10-03,504.0
2008-10-06,459.0
2008-10-07,409.0
2008-10-08,359.0
2008-10-09,369.0
2008-10-10,380.0
2008-10-14,428.0
2008-10-15,402.0
2008-10-16,352.0
2008-10-17,362.0
2008-10-20,376.0
2008-10-21,419.0
2008-10-22,412.0
2008-10-23,431.0
2008-10-24,396.0
2008-10-27,375.0
2008-10-28,367.0
2008-10-29,392.0
2008-10-30,417.0
2008-10-31,410.0
2008-11-04,420.0
2008-11-05,443.0
2008-11-06,419.0
2008-11-07,464.0
2008-11-10,499.0
2008-11-11,481.0
2008-11-12,456.0
2008-11-13,424.0
2008-11-14,421.0
2008-11-17,419.0
2008-11-18,420.0
2008-11-19,397.0
2008-11-20,375.0
2008-11-21,370.0
2008-11-25,368.0
2008-11-26,357.0
2008-11-27,363.0
2008-11-28,379.0
2008-12-01,369.0
2008-12-02,362.0
2008-12-03,357.0
2008-12-04,356.0
2008-12-05,351.0
2008-12-08,356.0
2008-12-09,358.0
2008-12-10,349.0
2008-12-11,361.0
2008-12-12,361.0
2008-12-15,360.0
2008-12-16,363.0
2008-12-17,363.0
2008-12-18,359.0
2008-12-19,352.0
2008-12-22,362.0
2008-12-24,353.0
2008-12-25,358.0
2008-12-26,357.0
2008-12-29,360.0
2008-12-30,363.0
2009-01-05,357.0
2009-01-06,356.0
2009-01-07,352.0
2009-01-08,347.0
2009-01-09,341.0
2009-01-13,330.0
2009-01-14,321.0
2009-01-15,326.0
2009-01-16,325.0
2009-01-19,321.0
2009-01-20,293.0
2009-01-21,309.0
2009-01-22,298.0
2009-01-23,281.5
2009-01-26,255.0
2009-01-27,260.5
2009-01-28,301.0
2009-01-29,300.0
2009-01-30,276.5
2009-02-02,317.0
2009-02-03,312.0
2009-02-04,296.0
2009-02-05,294.5
2009-02-06,290.0
2009-02-09,295.0
2009-02-10,274.5
2009-02-12,254.0
2009-02-13,253.0
2009-02-16,247.5
2009-02-17,231.0
2009-02-18,217.5
2009-02-19,208.0
2009-02-20,198.6
2009-02-23,229.0
2009-02-24,210.5
2009-02-25,198.9
2009-02-26,203.0
2009-02-27,201.5
2009-03-02,204.0
2009-03-03,200.5
2009-03-04,199.5
2009-03-05,229.5
2009-03-06,240.0
2009-03-09,226.5
2009-03-10,262.0
2009-03-11,261.0
2009-03-12,301.0
2009-03-13,295.0
2009-03-16,335.0
2009-03-17,352.0
2009-03-18,356.0
2009-03-19,339.0
2009-03-23,340.0
2009-03-24,344.0
2009-03-25,394.0
2009-03-26,431.0
2009-03-27,417.0
2009-03-30,419.0
2009-03-31,399.0
2009-04-01,399.0
2009-04-02,420.0
2009-04-03,410.0
2009-04-06,402.0
2009-04-07,403.0
2009-04-08,410.0
2009-04-09,460.0
2009-04-10,510.0
2009-04-13,610.0
2009-04-14,710.0
2009-04-15,610.0
2009-04-16,538.0
2009-04-17,584.0
2009-04-20,584.0
2009-04-21,557.0
2009-04-22,524.0
2009-04-23,531.0
2009-04-24,513.0
2009-04-27,521.0
2009-04-28,510.0
2009-04-30,496.0
2009-05-01,546.0
2009-05-07,578.0
2009-05-08,578.0
2009-05-11,570.0
2009-05-12,570.0
2009-05-13,578.0
2009-05-14,570.0
2009-05-15,575.0
2009-05-18,572.0
2009-05-19,579.0
2009-05-20,606.0
2009-05-21,706.0
2009-05-22,806.0
2009-05-25,824.0
2009-05-26,724.0
2009-05-27,760.0
2009-05-28,745.0
2009-05-29,717.0
2009-06-01,735.0
2009-06-02,741.0
2009-06-03,739.0
2009-06-04,722.0
2009-06-05,713.0
2009-06-08,813.0
2009-06-09,860.0
2009-06-10,871.0
2009-06-11,862.0
2009-06-12,952.0
2009-06-15,1052.0
2009-06-16,1059.0
2009-06-17,1239.0
2009-06-18,1365.0
2009-06-19,1231.0
2009-06-22,1160.0
2009-06-23,1148.0
2009-06-24,1057.0
2009-06-25,1072.0
2009-06-26,1084.0
2009-06-29,1059.0
2009-06-30,1053.0
2009-07-01,1253.0
2009-07-02,1182.0
2009-07-03,1177.0
2009-07-06,1120.0
2009-07-07,1107.0
2009-07-08,1073.0
2009-07-09,1158.0
2009-07-10,1133.0
2009-07-13,933.0
2009-07-14,964.0
2009-07-15,985.0
2009-07-16,1011.0
2009-07-17,1008.0
2009-07-21,1110.0
2009-07-22,1195.0
2009-07-23,1158.0
2009-07-24,1184.0
2009-07-27,1225.0
2009-07-28,1201.0
2009-07-29,1193.0
2009-07-30,1196.0
2009-07-31,1214.0
2009-08-03,1310.0
2009-08-04,1311.0
2009-08-05,1269.0
2009-08-06,1285.0
2009-08-07,1440.0
2009-08-10,1394.0
2009-08-11,1390.0
2009-08-12,1355.0
2009-08-13,1395.0
2009-08-14,1423.0
2009-08-17,1440.0
2009-08-18,1407.0
2009-08-19,1348.0
2009-08-20,1276.0
2009-08-21,1265.0
2009-08-24,1318.0
2009-08-25,1294.0
2009-08-26,1320.0
2009-08-27,1359.0
2009-08-28,1343.0
2009-08-31,1347.0
2009-09-01,1322.0
2009-09-02,1287.0
2009-09-03,1275.0
2009-09-04,1230.0
2009-09-07,1265.0
2009-09-08,1265.0
2009-09-09,1248.0
2009-09-10,1290.0
2009-09-11,1249.0
2009-09-14,1217.0
2009-09-15,1202.0
2009-09-16,1223.0
2009-09-17,1182.0
2009-09-18,1201.0
2009-09-24,1200.0
2009-09-25,1171.0
2009-09-28,1139.0
2009-09-29,1133.0
2009-09-30,1070.0
2009-10-01,1054.0
2009-10-02,1020.0
2009-10-05,1138.0
2009-10-06,1103.0
2009-10-07,1126.0
2009-10-08,1177.0
2009-10-09,1168.0
2009-10-13,1181.0
2009-10-14,1178.0
2009-10-15,1150.0
2009-10-16,1117.0
2009-10-19,1136.0
2009-10-20,1130.0
2009-10-21,1272.0
2009-10-22,1235.0
2009-10-23,1242.0
2009-10-26,1246.0
2009-10-27,1250.0
2009-10-28,1213.0
2009-10-29,1175.0
2009-10-30,1185.0
2009-11-02,1180.0
2009-11-04,1179.0
2009-11-05,1180.0
2009-11-06,1209.0
2009-11-09,1171.0
2009-11-10,1130.0
2009-11-11,1092.0
2009-11-12,1059.0
2009-11-13,1077.0
2009-11-16,1095.0
2009-11-17,1057.0
2009-11-18,1010.0
2009-11-19,1006.0
2009-11-20,1054.0
2009-11-24,1035.0
2009-11-25,1026.0
2009-11-26,1006.0
2009-11-27,953.0
2009-11-30,1000.0
2009-12-01,990.0
2009-12-02,993.0
2009-12-03,1030.0
2009-12-04,1015.0
2009-12-07,1002.0
2009-12-08,1053.0
2009-12-09,990.0
2009-12-10,965.0
2009-12-11,974.0
2009-12-14,961.0
2009-12-15,976.0
2009-12-16,1006.0
2009-12-17,1004.0
2009-12-18,1080.0
2009-12-21,1054.0
2009-12-22,1070.0
2009-12-24,1115.0
2009-12-25,1100.0
2009-12-28,1100.0
2009-12-29,1103.0
2009-12-30,1150.0
2010-01-04,1175.0
2010-01-05,1122.0
2010-01-06,1157.0
2010-01-07,1202.0
2010-01-08,1174.0
2010-01-12,1203.0
2010-01-13,1167.0
2010-01-14,1180.0
2010-01-15,1171.0
2010-01-18,1101.0
2010-01-19,1124.0
2010-01-20,1072.0
2010-01-21,1091.0
2010-01-22,1065.0
2010-01-25,1039.0
2010-01-26,998.0
2010-01-27,998.0
2010-01-28,981.0
2010-01-29,989.0
2010-02-01,995.0
2010-02-02,929.0
2010-02-03,929.0
2010-02-04,924.0
2010-02-05,854.0
2010-02-08,816.0
2010-02-09,816.0
2010-02-10,824.0
2010-02-12,874.0
2010-02-15,851.0
2010-02-16,835.0
2010-02-17,831.0
2010-02-18,811.0
2010-02-19,816.0
2010-02-22,821.0
2010-02-23,816.0
2010-02-24,847.0
2010-02-25,844.0
2010-02-26,826.0
2010-03-01,821.0
2010-03-02,806.0
2010-03-03,797.0
2010-03-04,779.0
2010-03-05,790.0
2010-03-08,794.0
2010-03-09,776.0
2010-03-10,759.0
2010-03-11,740.0
2010-03-12,754.0
2010-03-15,780.0
2010-03-16,787.0
2010-03-17,869.0
2010-03-18,871.0
2010-03-19,854.0
2010-03-23,886.0
2010-03-24,905.0
2010-03-25,892.0
2010-03-26,882.0
2010-03-29,881.0
2010-03-30,883.0
2010-03-31,862.0
2010-04-01,907.0
2010-04-02,911.0
2010-04-05,935.0
2010-04-06,970.0
2010-04-07,940.0
2010-04-08,928.0
2010-04-09,928.0
2010-04-12,921.0
2010-04-13,921.0
2010-04-14,930.0
2010-04-15,945.0
2010-04-16,945.0
2010-04-19,921.0
2010-04-20,925.0
2010-04-21,921.0
2010-04-22,947.0
2010-04-23,972.0
2010-04-26,953.0
2010-04-27,942.0
2010-04-28,943.0
2010-04-30,941.0
2010-05-06,927.0
2010-05-07,869.0
2010-05-10,897.0
2010-05-11,868.0
2010-05-12,875.0
2010-05-13,887.0
2010-05-14,888.0
2010-05-17,740.0
2010-05-18,722.0
2010-05-19,724.0
2010-05-20,718.0
2010-05-21,701.0
2010-05-24,697.0
2010-05-25,670.0
2010-05-26,716.0
2010-05-27,717.0
2010-05-28,725.0
2010-05-31,717.0
2010-06-01,719.0
2010-06-02,711.0
2010-06-03,714.0
2010-06-04,720.0
2010-06-07,705.0
2010-06-08,700.0
2010-06-09,696.0
2010-06-10,701.0
2010-06-11,700.0
2010-06-14,721.0
2010-06-15,712.0
2010-06-16,720.0
2010-06-17,711.0
2010-06-18,692.0
2010-06-21,694.0
2010-06-22,689.0
2010-06-23,745.0
2010-06-24,735.0
2010-06-25,720.0
2010-06-28,683.0
2010-06-29,667.0
2010-06-30,639.0
2010-07-01,610.0
2010-07-02,601.0
2010-07-05,650.0
2010-07-06,640.0
2010-07-07,622.0
2010-07-08,622.0
2010-07-09,612.0
2010-07-12,607.0
2010-07-13,602.0
2010-07-14,600.0
2010-07-15,588.0
2010-07-16,572.0
2010-07-20,552.0
2010-07-21,548.0
2010-07-22,518.0
2010-07-23,539.0
2010-07-26,532.0
2010-07-27,532.0
2010-07-28,537.0
2010-07-29,535.0
2010-07-30,509.0
2010-08-02,490.0
2010-08-03,495.0
2010-08-04,484.5
2010-08-05,485.5
2010-08-06,487.0
2010-08-09,526.0
2010-08-10,520.0
2010-08-11,496.5
2010-08-12,464.0
2010-08-13,451.0
2010-08-16,434.5
2010-08-17,418.0
2010-08-18,414.0
2010-08-19,460.5
2010-08-20,460.0
2010-08-23,505.0
2010-08-24,524.0
2010-08-25,498.5
2010-08-26,491.5
2010-08-27,482.0
2010-08-30,498.0
2010-08-31,507.0
2010-09-01,503.0
2010-09-02,486.5
2010-09-03,479.0
2010-09-06,469.5
2010-09-07,467.5
2010-09-08,460.5
2010-09-09,459.0
2010-09-10,459.5
2010-09-13,481.5
2010-09-14,533.0
2010-09-15,514.0
2010-09-16,520.0
2010-09-17,568.0
2010-09-21,572.0
2010-09-22,611.0
2010-09-24,601.0
2010-09-27,594.0
2010-09-28,604.0
2010-09-29,607.0
2010-09-30,596.0
2010-10-01,578.0
2010-10-04,542.0
2010-10-05,550.0
2010-10-06,560.0
2010-10-07,592.0
2010-10-08,613.0
2010-10-12,606.0
2010-10-13,590.0
2010-10-14,606.0
2010-10-15,580.0
2010-10-18,595.0
2010-10-19,587.0
2010-10-20,584.0
2010-10-21,590.0
2010-10-22,566.0
2010-10-25,547.0
2010-10-26,535.0
2010-10-27,534.0
2010-10-28,533.0
2010-10-29,506.0
2010-11-01,480.0
2010-11-02,471.0
2010-11-04,519.0
2010-11-05,520.0
2010-11-08,494.0
2010-11-09,479.5
2010-11-10,492.0
2010-11-11,515.0
2010-11-12,503.0
2010-11-15,493.5
2010-11-16,503.0
2010-11-17,505.0
2010-11-18,518.0
2010-11-19,529.0
2010-11-22,538.0
2010-11-24,547.0
2010-11-25,580.0
2010-11-26,610.0
2010-11-29,601.0
2010-11-30,601.0
2010-12-01,599.0
2010-12-02,592.0
2010-12-03,594.0
2010-12-06,609.0
2010-12-07,609.0
2010-12-08,609.0
2010-12-09,600.0
2010-12-10,603.0
2010-12-13,618.0
2010-12-14,618.0
2010-12-15,659.0
2010-12-16,654.0
2010-12-17,653.0
2010-12-20,653.0
2010-12-21,658.0
2010-12-22,684.0
2010-12-24,678.0
2010-12-27,748.0
2010-12-28,724.0
2010-12-29,826.0
2010-12-30,805.0
2011-01-04,841.0
2011-01-05,816.0
2011-01-06,790.0
2011-01-07,790.0
2011-01-11,760.0
2011-01-12,754.0
2011-01-13,757.0
2011-01-14,766.0
2011-01-17,785.0
2011-01-18,783.0
2011-01-19,810.0
2011-01-20,805.0
2011-01-21,780.0
2011-01-24,820.0
2011-01-25,814.0
2011-01-26,803.0
2011-01-27,804.0
2011-01-28,795.0
2011-01-31,763.0
2011-02-01,765.0
2011-02-02,745.0
2011-02-03,775.0
2011-02-04,798.0
2011-02-07,820.0
2011-02-08,808.0
2011-02-09,850.0
2011-02-10,835.0
2011-02-14,831.0
2011-02-15,825.0
2011-02-16,808.0
2011-02-17,812.0
2011-02-18,831.0
2011-02-21,867.0
2011-02-22,833.0
2011-02-23,861.0
2011-02-24,812.0
2011-02-25,818.0
2011-02-28,832.0
2011-03-01,852.0
2011-03-02,825.0
2011-03-03,822.0
2011-03-04,817.0
2011-03-07,811.0
2011-03-08,810.0
2011-03-09,814.0
2011-03-10,784.0
2011-03-11,773.0
2011-03-14,623.0
2011-03-15,523.0
2011-03-16,501.0
2011-03-17,530.0
2011-03-18,628.0
2011-03-22,620.0
2011-03-23,637.0
2011-03-24,593.0
2011-03-25,603.0
2011-03-28,588.0
2011-03-29,599.0
2011-03-30,600.0
2011-03-31,596.0
2011-04-01,584.0
2011-04-04,581.0
2011-04-05,560.0
2011-04-06,531.0
2011-04-07,515.0
2011-04-08,518.0
2011-04-11,543.0
2011-04-12,543.0
2011-04-13,551.0
2011-04-14,551.0
2011-04-15,534.0
2011-04-18,563.0
2011-04-19,573.0
2011-04-20,575.0
2011-04-21,570.0
2011-04-22,565.0
2011-04-25,554.0
2011-04-26,574.0
2011-04-27,567.0
2011-04-28,564.0
2011-05-02,578.0
2011-05-06,588.0
2011-05-09,580.0
2011-05-10,597.0
2011-05-11,595.0
2011-05-12,584.0
2011-05-13,567.0
2011-05-16,515.0
2011-05-17,490.0
2011-05-18,492.0
2011-05-19,489.5
2011-05-20,488.5
2011-05-23,479.0
2011-05-24,473.5
2011-05-25,472.5
2011-05-26,475.5
2011-05-27,496.0
2011-05-30,494.0
2011-05-31,520.0
2011-06-01,559.0
2011-06-02,546.0
2011-06-03,526.0
2011-06-06,526.0
2011-06-07,529.0
2011-06-08,528.0
2011-06-09,516.0
2011-06-10,532.0
2011-06-13,547.0
2011-06-14,551.0
2011-06-15,543.0
2011-06-16,540.0
2011-06-17,524.0
2011-06-20,534.0
2011-06-21,541.0
2011-06-22,551.0
2011-06-23,545.0
2011-06-24,551.0
2011-06-27,550.0
2011-06-28,584.0
2011-06-29,593.0
2011-06-30,589.0
2011-07-01,581.0
2011-07-04,590.0
2011-07-05,600.0
2011-07-06,601.0
2011-07-07,630.0
2011-07-08,613.0
2011-07-11,602.0
2011-07-12,605.0
2011-07-13,621.0
2011-07-14,607.0
2011-07-15,600.0
2011-07-19,586.0
2011-07-20,593.0
2011-07-21,577.0
2011-07-22,582.0
2011-07-25,575.0
2011-07-26,582.0
2011-07-27,600.0
2011-07-28,609.0
2011-07-29,576.0
2011-08-01,593.0
2011-08-02,580.0
2011-08-03,573.0
2011-08-04,560.0
2011-08-05,550.0
2011-08-08,513.0
2011-08-09,509.0
2011-08-10,515.0
2011-08-11,525.0
2011-08-12,515.0
2011-08-15,520.0
2011-08-16,531.0
2011-08-17,527.0
2011-08-18,529.0
2011-08-19,519.0
2011-08-22,495.0
2011-08-23,510.0
2011-08-24,502.0
2011-08-25,504.0
2011-08-26,508.0
2011-08-29,508.0
2011-08-30,508.0
2011-08-31,507.0
2011-09-01,508.0
2011-09-02,505.0
2011-09-05,498.0
2011-09-06,481.0
2011-09-07,500.0
2011-09-08,493.0
2011-09-09,487.5
2011-09-12,472.0
2011-09-13,484.0
2011-09-14,474.0
2011-09-15,474.0
2011-09-16,480.0
2011-09-20,480.0
2011-09-21,474.0
2011-09-22,466.0
2011-09-26,455.0
2011-09-27,465.0
2011-09-28,480.0
2011-09-29,505.0
2011-09-30,507.0
2011-10-03,492.0
2011-10-04,486.5
2011-10-05,463.5
2011-10-06,458.5
2011-10-07,452.0
2011-10-11,460.0
2011-10-12,456.5
2011-10-13,470.5
2011-10-14,491.5
2011-10-17,498.0
2011-10-18,493.0
2011-10-19,489.0
2011-10-20,477.0
2011-10-21,472.0
2011-10-24,496.5
2011-10-25,484.5
2011-10-26,472.5
2011-10-27,479.5
2011-10-28,498.5
2011-10-31,490.0
2011-11-01,502.0
2011-11-02,494.0
2011-11-04,499.0
2011-11-07,486.5
2011-11-08,472.5
2011-11-09,474.5
2011-11-10,459.5
2011-11-11,458.0
2011-11-14,460.0
2011-11-15,458.0
2011-11-16,459.0
2011-11-17,459.0
2011-11-18,429.5
2011-11-21,429.0
2011-11-22,441.5
2011-11-24,421.0
2011-11-25,418.0
2011-11-28,423.0
2011-11-29,441.0
2011-11-30,428.5
2011-12-01,434.5
2011-12-02,443.0
2011-12-05,449.0
2011-12-06,436.5
2011-12-07,451.5
2011-12-08,473.0
2011-12-09,493.5
2011-12-12,488.5
2011-12-13,495.0
2011-12-14,491.0
2011-12-15,477.0
2011-12-16,485.0
2011-12-19,472.5
2011-12-20,472.5
2011-12-21,469.5
2011-12-22,468.5
2011-12-26,461.0
2011-12-27,459.5
2011-12-28,455.0
2011-12-29,460.5
2011-12-30,469.0
2012-01-04,480.5
2012-01-05,486.5
2012-01-06,480.0
2012-01-10,480.0
2012-01-11,496.0
2012-01-12,493.5
2012-01-13,510.0
2012-01-16,516.0
2012-01-17,513.0
2012-01-18,548.0
2012-01-19,550.0
2012-01-20,559.0
2012-01-23,540.0
2012-01-24,551.0
2012-01-25,545.0
2012-01-26,548.0
2012-01-27,532.0
2012-01-30,551.0
2012-01-31,572.0
2012-02-01,576.0
2012-02-02,579.0
2012-02-03,579.0
2012-02-06,585.0
2012-02-07,615.0
2012-02-08,642.0
2012-02-09,629.0
2012-02-10,616.0
2012-02-13,600.0
2012-02-14,639.0
2012-02-15,694.0
2012-02-16,678.0
2012-02-17,734.0
2012-02-20,711.0
2012-02-21,688.0
2012-02-22,733.0
2012-02-23,716.0
2012-02-24,727.0
2012-02-27,706.0
2012-02-28,696.0
2012-02-29,688.0
2012-03-01,679.0
2012-03-02,691.0
2012-03-05,698.0
2012-03-06,723.0
2012-03-07,739.0
2012-03-08,773.0
2012-03-09,764.0
2012-03-12,749.0
2012-03-13,743.0
2012-03-14,786.0
2012-03-15,764.0
2012-03-16,770.0
2012-03-19,776.0
2012-03-21,770.0
2012-03-22,765.0
2012-03-23,767.0
2012-03-26,738.0
2012-03-27,764.0
2012-03-28,769.0
2012-03-29,783.0
2012-03-30,797.0
2012-04-02,803.0
2012-04-03,810.0
2012-04-04,783.0
2012-04-05,831.0
2012-04-06,835.0
2012-04-09,826.0
2012-04-10,886.0
2012-04-11,843.0
2012-04-12,823.0
2012-04-13,863.0
2012-04-16,891.0
2012-04-17,940.0
2012-04-18,990.0
2012-04-19,957.0
2012-04-20,953.0
2012-04-23,952.0
2012-04-24,935.0
2012-04-25,949.0
2012-04-26,928.0
2012-04-27,922.0
2012-05-01,907.0
2012-05-02,925.0
2012-05-07,878.0
2012-05-08,890.0
2012-05-09,876.0
2012-05-10,954.0
2012-05-11,891.0
2012-05-14,741.0
2012-05-15,703.0
2012-05-16,686.0
2012-05-17,718.0
2012-05-18,694.0
2012-05-21,752.0
2012-05-22,724.0
2012-05-23,722.0
2012-05-24,735.0
2012-05-25,787.0
2012-05-28,742.0
2012-05-29,736.0
2012-05-30,787.0
2012-05-31,778.0
2012-06-01,754.0
2012-06-04,697.0
2012-06-05,718.0
2012-06-06,734.0
2012-06-07,721.0
2012-06-08,705.0
2012-06-11,724.0
2012-06-12,724.0
2012-06-13,723.0
2012-06-14,712.0
2012-06-15,712.0
2012-06-18,740.0
2012-06-19,717.0
2012-06-20,748.0
2012-06-21,767.0
2012-06-22,769.0
2012-06-25,757.0
2012-06-26,750.0
2012-06-27,729.0
2012-06-28,721.0
2012-06-29,719.0
2012-07-02,720.0
2012-07-03,719.0
2012-07-04,727.0
2012-07-05,730.0
2012-07-06,725.0
2012-07-09,715.0
2012-07-10,707.0
2012-07-11,712.0
2012-07-12,689.0
2012-07-13,685.0
2012-07-17,686.0
2012-07-18,655.0
2012-07-19,674.0
2012-07-20,668.0
2012-07-23,656.0
2012-07-24,651.0
2012-07-25,634.0
2012-07-26,636.0
2012-07-27,645.0
2012-07-30,653.0
2012-07-31,654.0
2012-08-01,660.0
2012-08-02,694.0
2012-08-03,696.0
2012-08-06,706.0
2012-08-07,692.0
2012-08-08,684.0
2012-08-09,709.0
2012-08-10,692.0
2012-08-13,686.0
2012-08-14,697.0
2012-08-15,700.0
2012-08-16,727.0
2012-08-17,722.0
2012-08-20,692.0
2012-08-21,697.0
2012-08-22,693.0
2012-08-23,693.0
2012-08-24,689.0
2012-08-27,666.0
2012-08-28,671.0
2012-08-29,650.0
2012-08-30,645.0
2012-08-31,658.0
2012-09-03,658.0
2012-09-04,670.0
2012-09-05,666.0
2012-09-06,660.0
2012-09-07,662.0
2012-09-10,677.0
2012-09-11,672.0
2012-09-12,678.0
2012-09-13,676.0
2012-09-14,671.0
2012-09-18,677.0
2012-09-19,678.0
2012-09-20,693.0
2012-09-21,663.0
2012-09-24,651.0
2012-09-25,669.0
2012-09-26,671.0
2012-09-27,665.0
2012-09-28,665.0
2012-10-01,672.0
2012-10-02,675.0
2012-10-03,667.0
2012-10-04,667.0
2012-10-05,675.0
2012-10-09,679.0
2012-10-10,658.0
2012-10-11,645.0
2012-10-12,637.0
2012-10-15,646.0
2012-10-16,669.0
2012-10-17,687.0
2012-10-18,668.0
2012-10-19,680.0
2012-10-22,654.0
2012-10-23,650.0
2012-10-24,661.0
2012-10-25,680.0
2012-10-26,659.0
2012-10-29,673.0
2012-10-30,660.0
2012-10-31,655.0
2012-11-01,666.0
2012-11-02,683.0
2012-11-05,760.0
2012-11-06,790.0
2012-11-07,768.0
2012-11-08,757.0
2012-11-09,739.0
2012-11-12,793.0
2012-11-13,810.0
2012-11-14,801.0
2012-11-15,797.0
2012-11-16,799.0
2012-11-19,825.0
2012-11-20,811.0
2012-11-21,849.0
2012-11-22,874.0
2012-11-26,860.0
2012-11-27,889.0
2012-11-28,827.0
2012-11-29,868.0
2012-11-30,863.0
2012-12-03,861.0
2012-12-04,870.0
2012-12-05,874.0
2012-12-06,885.0
2012-12-07,865.0
2012-12-10,835.0
2012-12-11,845.0
2012-12-12,847.0
2012-12-13,842.0
2012-12-14,824.0
2012-12-17,825.0
2012-12-18,815.0
2012-12-19,819.0
2012-12-20,815.0
2012-12-21,816.0
2012-12-25,816.0
2012-12-26,832.0
2012-12-27,831.0
2012-12-28,851.0
2013-01-04,863.0
2013-01-07,856.0
2013-01-08,871.0
2013-01-09,918.0
2013-01-10,922.0
2013-01-11,915.0
2013-01-15,929.0
2013-01-16,924.0
2013-01-17,911.0
2013-01-18,921.0
2013-01-21,939.0
2013-01-22,925.0
2013-01-23,916.0
2013-01-24,900.0
2013-01-25,949.0
2013-01-28,976.0
2013-01-29,954.0
2013-01-30,971.0
2013-01-31,954.0
2013-02-01,944.0
2013-02-04,950.0
2013-02-05,942.0
2013-02-06,950.0
2013-02-07,952.0
2013-02-08,932.0
2013-02-12,924.0
2013-02-13,935.0
2013-02-14,961.0
2013-02-15,921.0
2013-02-18,939.0
2013-02-19,956.0
2013-02-20,954.0
2013-02-21,970.0
2013-02-22,974.0
2013-02-25,1047.0
2013-02-26,1028.0
2013-02-27,1058.0
2013-02-28,1070.0
2013-03-01,1143.0
2013-03-04,1193.0
2013-03-05,1163.0
2013-03-06,1182.0
2013-03-07,1241.0
2013-03-08,1224.0
2013-03-11,1180.0
2013-03-12,1183.0
2013-03-13,1182.0
2013-03-14,1155.0
2013-03-15,1203.0
2013-03-18,1189.0
2013-03-19,1197.0
2013-03-21,1270.0
2013-03-22,1236.0
2013-03-25,1238.0
2013-03-26,1243.0
2013-03-27,1305.0
2013-03-28,1359.0
2013-03-29,1462.0
2013-04-01,1375.0
2013-04-02,1367.0
2013-04-03,1433.0
2013-04-04,1497.0
2013-04-05,1470.0
2013-04-08,1718.0
2013-04-09,1863.0
2013-04-10,1836.0
2013-04-11,1826.0
2013-04-12,1798.0
2013-04-15,1707.0
2013-04-16,1805.0
2013-04-17,1955.0
2013-04-18,1833.0
2013-04-19,1861.0
2013-04-22,1944.0
2013-04-23,1908.0
2013-04-24,1951.0
2013-04-25,1972.0
2013-04-26,1877.0
2013-04-30,2011.0
2013-05-01,2164.0
2013-05-02,2145.0
2013-05-07,2142.0
2013-05-08,2083.0
2013-05-09,2289.0
2013-05-10,2250.0
2013-05-13,2750.0
2013-05-14,2572.0
2013-05-15,2306.0
2013-05-16,2070.0
2013-05-17,2205.0
2013-05-20,2116.0
2013-05-21,2028.0
2013-05-22,1915.0
2013-05-23,1831.0
2013-05-24,1800.0
2013-05-27,1972.0
2013-05-28,1949.0
2013-05-29,2005.0
2013-05-30,1921.0
2013-05-31,1940.0
2013-06-03,1874.0
2013-06-04,1893.0
2013-06-05,1830.0
2013-06-06,1708.0
2013-06-07,1670.0
2013-06-10,2070.0
2013-06-11,2047.0
2013-06-12,2069.0
2013-06-13,1980.0
2013-06-14,2083.0
2013-06-17,2177.0
2013-06-18,2330.0
2013-06-19,2290.0
2013-06-20,2350.0
2013-06-21,2279.0
2013-06-24,2230.0
2013-06-25,2135.0
2013-06-26,2020.0
2013-06-27,2130.0
2013-06-28,2211.0
2013-07-01,2210.0
2013-07-02,2339.0
2013-07-03,2406.0
2013-07-04,2340.0
2013-07-05,2341.0
2013-07-08,2330.0
2013-07-09,2473.0
2013-07-10,2392.0
2013-07-11,2413.0
2013-07-12,2315.0
2013-07-16,2331.0
2013-07-17,2293.0
2013-07-18,2426.0
2013-07-19,2369.0
2013-07-22,2354.0
2013-07-23,2373.0
2013-07-24,2392.0
2013-07-25,2345.0
2013-07-26,2334.0
2013-07-29,2209.0
2013-07-30,2303.0
2013-07-31,2274.0
2013-08-01,2344.0
2013-08-02,2369.0
2013-08-05,2345.0
2013-08-06,2317.0
2013-08-07,2228.0
2013-08-08,2237.0
2013-08-09,2246.0
2013-08-12,2021.0
2013-08-13,1999.0
2013-08-14,2041.0
2013-08-15,2068.0
2013-08-16,2119.0
2013-08-19,2143.0
2013-08-20,2103.0
2013-08-21,2126.0
2013-08-22,2087.0
2013-08-23,2018.0
2013-08-26,2039.0
2013-08-27,2006.0
2013-08-28,1897.0
2013-08-29,1932.0
2013-08-30,1929.0
2013-09-02,1949.0
2013-09-03,2013.0
2013-09-04,2008.0
2013-09-05,1936.0
2013-09-06,1879.0
2013-09-09,1870.0
2013-09-10,1865.0
2013-09-11,1857.0
2013-09-12,1906.0
2013-09-13,1930.0
2013-09-17,1944.0
2013-09-18,2162.0
2013-09-19,2082.0
2013-09-20,2135.0
2013-09-24,2110.0
2013-09-25,2089.0
2013-09-26,2050.0
2013-09-27,2353.0
2013-09-30,2328.0
2013-10-01,2201.0
2013-10-02,2153.0
2013-10-03,2071.0
2013-10-04,2029.0
2013-10-07,1962.0
2013-10-08,1991.0
2013-10-09,2012.0
2013-10-10,2047.0
2013-10-11,2010.0
2013-10-15,2006.0
2013-10-16,1960.0
2013-10-17,2008.0
2013-10-18,2023.0
2013-10-21,2030.0
2013-10-22,1999.0
2013-10-23,1998.0
2013-10-24,2000.0
2013-10-25,1968.0
2013-10-28,1925.0
2013-10-29,1975.0
2013-10-30,1976.0
2013-10-31,2009.0
2013-11-01,1915.0
2013-11-05,1816.0
2013-11-06,1847.0
2013-11-07,1828.0
2013-11-08,1765.0
2013-11-11,1814.0
2013-11-12,1782.0
2013-11-13,1885.0
2013-11-14,1845.0
2013-11-15,1874.0
2013-11-18,1880.0
2013-11-19,1889.0
2013-11-20,1818.0
2013-11-21,1851.0
2013-11-22,1924.0
2013-11-25,2027.0
2013-11-26,2090.0
2013-11-27,2018.0
2013-11-28,2031.0
2013-11-29,2001.0
2013-12-02,2101.0
2013-12-03,2138.0
2013-12-04,2210.0
2013-12-05,2206.0
2013-12-06,2296.0
2013-12-09,2311.0
2013-12-10,2284.0
2013-12-11,2237.0
2013-12-12,2195.0
2013-12-13,2176.0
2013-12-16,2158.0
2013-12-17,2214.0
2013-12-18,2213.0
2013-12-19,2174.0
2013-12-20,2154.0
2013-12-24,2096.0
2013-12-25,2171.0
2013-12-26,2291.0
2013-12-27,2298.0
2013-12-30,2290.0
2014-01-06,2258.0
2014-01-07,2231.0
2014-01-08,2259.0
2014-01-09,2218.0
2014-01-10,2227.0
2014-01-14,2190.0
2014-01-15,2219.0
2014-01-16,2278.0
2014-01-17,2355.0
2014-01-20,2450.0
2014-01-21,2365.0
2014-01-22,2360.0
2014-01-23,2335.0
2014-01-24,2325.0
2014-01-27,2236.0
2014-01-28,2241.0
2014-01-29,2382.0
2014-01-30,2368.0
2014-01-31,2406.0
2014-02-03,2288.0
2014-02-04,2161.0
2014-02-05,2160.0
2014-02-06,2172.0
2014-02-07,2270.0
2014-02-10,2295.0
2014-02-12,2277.0
2014-02-13,2214.0
2014-02-14,2094.0
2014-02-17,2184.0
2014-02-18,2204.0
2014-02-19,2155.0
2014-02-20,2102.0
2014-02-21,2194.0
2014-02-24,2240.0
2014-02-25,2255.0
2014-02-26,2207.0
2014-02-27,2140.0
2014-02-28,2148.0
2014-03-03,2183.0
2014-03-04,2108.0
2014-03-05,2143.0
2014-03-06,2143.0
2014-03-07,2197.0
2014-03-10,2124.0
2014-03-11,2140.0
2014-03-12,2112.0
2014-03-13,2075.0
2014-03-14,2052.0
2014-03-17,1994.0
2014-03-18,2083.0
2014-03-19,2054.0
2014-03-20,2041.0
2014-03-24,2075.0
2014-03-25,2006.0
2014-03-26,1905.0
2014-03-27,1875.0
2014-03-28,1947.0
2014-03-31,1971.0
2014-04-01,1979.0
2014-04-02,1991.0
2014-04-03,1996.0
2014-04-04,1931.0
2014-04-07,1940.0
2014-04-08,1894.0
2014-04-09,1926.0
2014-04-10,1862.0
2014-04-11,1845.0
2014-04-14,1832.0
2014-04-15,1804.0
2014-04-16,1807.0
2014-04-17,1860.0
2014-04-18,1942.0
2014-04-21,2018.0
2014-04-22,1936.0
2014-04-23,1948.0
2014-04-24,1975.0
2014-04-25,1974.0
2014-04-28,1932.0
2014-04-30,1929.0
2014-05-01,1945.0
2014-05-02,1944.0
2014-05-07,1883.0
2014-05-08,1884.0
2014-05-09,1869.0
2014-05-12,1469.0
2014-05-13,1402.0
2014-05-14,1319.0
2014-05-15,1311.0
2014-05-16,1337.0
2014-05-19,1317.0
2014-05-20,1283.0
2014-05-21,1281.0
2014-05-22,1316.0
2014-05-23,1351.0
2014-05-26,1360.0
2014-05-27,1364.0
2014-05-28,1348.0
2014-05-29,1329.0
2014-05-30,1372.0
2014-06-02,1399.0
2014-06-03,1387.0
2014-06-04,1458.0
2014-06-05,1434.0
2014-06-06,1433.0
2014-06-09,1441.0
2014-06-10,1418.0
2014-06-11,1418.0
2014-06-12,1415.0
2014-06-13,1437.0
2014-06-16,1414.0
2014-06-17,1418.0
2014-06-18,1402.0
2014-06-19,1422.0
2014-06-20,1417.0
2014-06-23,1390.0
2014-06-24,1390.0
2014-06-25,1371.0
2014-06-26,1367.0
2014-06-27,1349.0
2014-06-30,1381.0
2014-07-01,1382.0
2014-07-02,1381.0
2014-07-03,1371.0
2014-07-04,1384.0
2014-07-07,1369.0
2014-07-08,1378.0
2014-07-09,1370.0
2014-07-10,1346.0
2014-07-11,1327.0
2014-07-14,1328.0
2014-07-15,1337.0
2014-07-16,1312.0
2014-07-17,1328.0
2014-07-18,1316.0
2014-07-22,1278.0
2014-07-23,1251.0
2014-07-24,1250.0
2014-07-25,1269.0
2014-07-28,1258.0
2014-07-29,1259.0
2014-07-30,1228.0
2014-07-31,1227.0
2014-08-01,1200.0
2014-08-04,1218.0
2014-08-05,1212.0
2014-08-06,1158.0
2014-08-07,1227.0
2014-08-08,1187.0
2014-08-11,1173.0
2014-08-12,1216.0
2014-08-13,1223.0
2014-08-14,1223.0
2014-08-15,1247.0
2014-08-18,1355.0
2014-08-19,1350.0
2014-08-20,1329.0
2014-08-21,1325.0
2014-08-22,1333.0
2014-08-25,1339.0
2014-08-26,1317.0
2014-08-27,1296.0
2014-08-28,1310.0
2014-08-29,1298.0
2014-09-01,1302.0
2014-09-02,1278.0
2014-09-03,1286.0
2014-09-04,1286.0
2014-09-05,1280.0
2014-09-08,1317.0
2014-09-09,1291.0
2014-09-10,1289.0
2014-09-11,1281.0
2014-09-12,1249.0
2014-09-16,1260.0
2014-09-17,1258.0
2014-09-18,1266.0
2014-09-19,1243.0
2014-09-22,1228.0
2014-09-24,1215.0
2014-09-25,1198.0
2014-09-26,1201.0
2014-09-29,1188.0
2014-09-30,1174.0
2014-10-01,1159.0
2014-10-02,1140.0
2014-10-03,1134.0
2014-10-06,1162.0
2014-10-07,1142.0
2014-10-08,1173.0
2014-10-09,1141.0
2014-10-10,1094.0
2014-10-14,1049.0
2014-10-15,1058.0
2014-10-16,1010.0
2014-10-17,1029.0
2014-10-20,1061.0
2014-10-21,1037.0
2014-10-22,1079.0
2014-10-23,1067.0
2014-10-24,1037.0
2014-10-27,1046.0
2014-10-28,1059.0
2014-10-29,1070.0
2014-10-30,1106.0
2014-10-31,1146.0
2014-11-04,1168.0
2014-11-05,1147.0
2014-11-06,1121.0
2014-11-07,1131.0
2014-11-10,1115.0
2014-11-11,1118.0
2014-11-12,1097.0
2014-11-13,1118.0
2014-11-14,1140.0
2014-11-17,1099.0
2014-11-18,1131.0
2014-11-19,1122.0
2014-11-20,1093.0
2014-11-21,1089.0
2014-11-25,1107.0
2014-11-26,1095.0
2014-11-27,1059.0
2014-11-28,1037.0
2014-12-01,1039.0
2014-12-02,1059.0
2014-12-03,1075.0
2014-12-04,1078.0
2014-12-05,1107.0
2014-12-08,1088.0
2014-12-09,1035.0
2014-12-10,1024.0
2014-12-11,1015.0
2014-12-12,999.0
2014-12-15,994.0
2014-12-16,967.0
2014-12-17,972.0
2014-12-18,968.0
2014-12-19,966.0
2014-12-22,960.0
2014-12-24,954.0
2014-12-25,942.0
2014-12-26,975.0
2014-12-29,980.0
2014-12-30,980.0
2015-01-05,1004.0
2015-01-06,980.0
2015-01-07,978.0
2015-01-08,972.0
2015-01-09,958.0
2015-01-13,977.0
2015-01-14,951.0
2015-01-15,953.0
2015-01-16,929.0
2015-01-19,944.0
2015-01-20,960.0
2015-01-21,933.0
2015-01-22,927.0
2015-01-23,943.0
2015-01-26,943.0
2015-01-27,942.0
2015-01-28,972.0
2015-01-29,944.0
2015-01-30,962.0
2015-02-02,941.0
2015-02-03,932.0
2015-02-04,941.0
2015-02-05,932.0
2015-02-06,931.0
2015-02-09,970.0
2015-02-10,983.0
2015-02-12,1044.0
2015-02-13,1004.0
2015-02-16,1000.0
2015-02-17,1017.0
2015-02-18,1014.0
2015-02-19,1024.0
2015-02-20,1007.0
2015-02-23,1009.0
2015-02-24,1059.0
2015-02-25,1109.0
2015-02-26,1086.0
2015-02-27,1055.0
2015-03-02,1052.0
2015-03-03,1031.0
2015-03-04,997.0
2015-03-05,985.0
2015-03-06,977.0
2015-03-09,957.0
2015-03-10,935.0
2015-03-11,940.0
2015-03-12,936.0
2015-03-13,927.0
2015-03-16,907.0
2015-03-17,900.0
2015-03-18,900.0
2015-03-19,897.0
2015-03-20,900.0
2015-03-23,906.0
2015-03-24,891.0
2015-03-25,900.0
2015-03-26,911.0
2015-03-27,900.0
2015-03-30,907.0
2015-03-31,904.0
2015-04-01,915.0
2015-04-02,912.0
2015-04-03,915.0
2015-04-06,930.0
2015-04-07,940.0
2015-04-08,962.0
2015-04-09,959.0
2015-04-10,939.0
2015-04-13,952.0
2015-04-14,986.0
2015-04-15,976.0
2015-04-16,995.0
2015-04-17,985.0
2015-04-20,945.0
2015-04-21,958.0
2015-04-22,947.0
2015-04-23,962.0
2015-04-24,955.0
2015-04-27,954.0
2015-04-28,972.0
2015-04-30,984.0
2015-05-01,994.0
2015-05-07,958.0
2015-05-08,977.0
2015-05-11,975.0
2015-05-12,987.0
2015-05-13,982.0
2015-05-14,950.0
2015-05-15,857.0
2015-05-18,849.0
2015-05-19,822.0
2015-05-20,807.0
2015-05-21,788.0
2015-05-22,805.0
2015-05-25,793.0
2015-05-26,786.0
2015-05-27,787.0
2015-05-28,788.0
2015-05-29,785.0
2015-06-01,789.0
2015-06-02,785.0
2015-06-03,804.0
2015-06-04,800.0
2015-06-05,794.0
2015-06-08,796.0
2015-06-09,801.0
2015-06-10,802.0
2015-06-11,796.0
2015-06-12,796.0
2015-06-15,821.0
2015-06-16,823.0
2015-06-17,814.0
2015-06-18,798.0
2015-06-19,798.0
2015-06-22,800.0
2015-06-23,802.0
2015-06-24,800.0
2015-06-25,800.0
2015-06-26,801.0
2015-06-29,790.0
2015-06-30,799.0
2015-07-01,799.0
2015-07-02,800.0
2015-07-03,806.0
2015-07-06,796.0
2015-07-07,807.0
2015-07-08,792.0
2015-07-09,782.0
2015-07-10,789.0
2015-07-13,806.0
2015-07-14,813.0
2015-07-15,817.0
2015-07-16,809.0
2015-07-17,807.0
2015-07-21,810.0
2015-07-22,795.0
2015-07-23,799.0
2015-07-24,796.0
2015-07-27,786.0
2015-07-28,793.0
2015-07-29,788.0
2015-07-30,794.0
2015-07-31,793.0
2015-08-03,796.0
2015-08-04,795.0
2015-08-05,794.0
2015-08-06,796.0
2015-08-07,789.0
2015-08-10,816.0
2015-08-11,823.0
2015-08-12,833.0
2015-08-13,834.0
2015-08-14,833.0
2015-08-17,834.0
2015-08-18,848.0
2015-08-19,848.0
2015-08-20,823.0
2015-08-21,789.0
2015-08-24,734.0
2015-08-25,708.0
2015-08-26,736.0
2015-08-27,733.0
2015-08-28,757.0
2015-08-31,768.0
2015-09-01,739.0
2015-09-02,732.0
2015-09-03,742.0
2015-09-04,720.0
2015-09-07,720.0
2015-09-08,711.0
2015-09-09,753.0
2015-09-10,745.0
2015-09-11,756.0
2015-09-14,746.0
2015-09-15,745.0
2015-09-16,737.0
2015-09-17,730.0
2015-09-18,705.0
2015-09-24,687.0
2015-09-25,693.0
2015-09-28,680.0
2015-09-29,650.0
2015-09-30,663.0
2015-10-01,665.0
2015-10-02,671.0
2015-10-05,684.0
2015-10-06,703.0
2015-10-07,701.0
2015-10-08,700.0
2015-10-09,697.0
2015-10-13,693.0
2015-10-14,689.0
2015-10-15,684.0
2015-10-16,697.0
2015-10-19,687.0
2015-10-20,684.0
2015-10-21,685.0
2015-10-22,684.0
2015-10-23,685.0
2015-10-26,701.0
2015-10-27,691.0
2015-10-28,688.0
2015-10-29,691.0
2015-10-30,689.0
2015-11-02,689.0
2015-11-04,690.0
2015-11-05,690.0
2015-11-06,707.0
2015-11-09,686.0
2015-11-10,692.0
2015-11-11,689.0
2015-11-12,691.0
2015-11-13,690.0
2015-11-16,687.0
2015-11-17,699.0
2015-11-18,699.0
2015-11-19,701.0
2015-11-20,698.0
2015-11-24,702.0
2015-11-25,697.0
2015-11-26,711.0
2015-11-27,715.0
2015-11-30,709.0
2015-12-01,705.0
2015-12-02,713.0
2015-12-03,702.0
2015-12-04,727.0
2015-12-07,754.0
2015-12-08,751.0
2015-12-09,734.0
2015-12-10,721.0
2015-12-11,725.0
2015-12-14,704.0
2015-12-15,697.0
2015-12-16,719.0
2015-12-17,722.0
2015-12-18,722.0
2015-12-21,713.0
2015-12-22,708.0
2015-12-24,706.0
2015-12-25,687.0
2015-12-28,702.0
2015-12-29,725.0
2015-12-30,731.0
2016-01-04,728.0
2016-01-05,724.0
2016-01-06,723.0
2016-01-07,716.0
2016-01-08,708.0
2016-01-12,687.0
2016-01-13,695.0
2016-01-14,678.0
2016-01-15,669.0
2016-01-18,659.0
2016-01-19,652.0
2016-01-20,613.0
2016-01-21,584.0
2016-01-22,610.0
2016-01-25,617.0
2016-01-26,614.0
2016-01-27,615.0
2016-01-28,617.0
2016-01-29,635.0
2016-02-01,659.0
2016-02-02,639.0
2016-02-03,626.0
2016-02-04,607.0
2016-02-05,598.0
2016-02-08,536.0
2016-02-09,512.0
2016-02-10,493.0
2016-02-12,449.0
2016-02-15,439.0
2016-02-16,425.0
2016-02-17,429.0
2016-02-18,437.0
2016-02-19,460.0
2016-02-22,461.0
2016-02-23,450.0
2016-02-24,440.0
2016-02-25,434.0
2016-02-26,449.0
2016-02-29,448.0
2016-03-01,458.0
2016-03-02,467.0
2016-03-03,477.0
2016-03-04,484.0
2016-03-07,493.0
2016-03-08,486.0
2016-03-09,473.0
2016-03-10,478.0
2016-03-11,489.0
2016-03-14,489.0
2016-03-15,488.0
2016-03-16,479.0
2016-03-17,475.0
2016-03-18,472.0
2016-03-22,477.0
2016-03-23,475.0
2016-03-24,478.0
2016-03-25,477.0
2016-03-28,482.0
2016-03-29,477.0
2016-03-30,467.0
2016-03-31,459.0
2016-04-01,440.0
2016-04-04,449.0
2016-04-05,436.0
2016-04-06,426.0
2016-04-07,434.0
2016-04-08,430.0
2016-04-11,440.0
2016-04-12,436.0
2016-04-13,438.0
2016-04-14,447.0
2016-04-15,442.0
2016-04-18,433.0
2016-04-19,444.0
2016-04-20,442.0
2016-04-21,448.0
2016-04-22,516.0
2016-04-25,520.0
2016-04-26,483.0
2016-04-27,481.0
2016-04-28,463.0
2016-05-02,443.0
2016-05-06,449.0
2016-05-09,453.0
2016-05-10,466.0
2016-05-11,459.0
2016-05-12,453.0
2016-05-13,435.0
2016-05-16,433.0
2016-05-17,443.0
2016-05-18,449.0
2016-05-19,459.0
2016-05-20,462.0
2016-05-23,462.0
2016-05-24,468.0
2016-05-25,473.0
2016-05-26,473.0
2016-05-27,468.0
2016-05-30,477.0
2016-05-31,481.0
2016-06-01,478.0
2016-06-02,468.0
2016-06-03,468.0
2016-06-06,464.0
2016-06-07,469.0
2016-06-08,459.0
2016-06-09,450.0
2016-06-10,445.0
2016-06-13,434.0
2016-06-14,424.0
2016-06-15,418.0
2016-06-16,400.0
2016-06-17,404.0
2016-06-20,418.0
2016-06-21,419.0
2016-06-22,407.0
2016-06-23,413.0
2016-06-24,397.0
2016-06-27,390.0
2016-06-28,391.0
2016-06-29,402.0
2016-06-30,396.0
2016-07-01,398.0
2016-07-04,400.0
2016-07-05,399.0
2016-07-06,395.0
2016-07-07,397.0
2016-07-08,388.0
2016-07-11,391.0
2016-07-12,401.0
2016-07-13,411.0
2016-07-14,412.0
2016-07-15,405.0
2016-07-19,400.0
2016-07-20,399.0
2016-07-21,403.0
2016-07-22,401.0
2016-07-25,404.0
2016-07-26,403.0
2016-07-27,403.0
2016-07-28,400.0
2016-07-29,402.0
2016-08-01,398.0
2016-08-02,402.0
2016-08-03,398.0
2016-08-04,400.0
2016-08-05,401.0
2016-08-08,396.0
2016-08-09,399.0
2016-08-10,405.0
2016-08-12,400.0
2016-08-15,408.0
2016-08-16,402.0
2016-08-17,414.0
2016-08-18,408.0
2016-08-19,410.0
2016-08-22,405.0
2016-08-23,404.0
2016-08-24,420.0
2016-08-25,432.0
2016-08-26,428.0
2016-08-29,439.0
2016-08-30,436.0
2016-08-31,435.0
2016-09-01,438.0
2016-09-02,448.0
2016-09-05,459.0
2016-09-06,470.0
2016-09-07,473.0
2016-09-08,465.0
2016-09-09,469.0
2016-09-12,460.0
2016-09-13,464.0
2016-09-14,459.0
2016-09-15,451.0
2016-09-16,458.0
2016-09-20,456.0
2016-09-21,454.0
2016-09-23,464.0
2016-09-26,456.0
2016-09-27,466.0
2016-09-28,467.0
2016-09-29,470.0
2016-09-30,463.0
2016-10-03,467.0
2016-10-04,473.0
2016-10-05,473.0
2016-10-06,472.0
2016-10-07,472.0
2016-10-11,475.0
2016-10-12,467.0
2016-10-13,466.0
2016-10-14,465.0
2016-10-17,465.0
2016-10-18,468.0
2016-10-19,470.0
2016-10-20,486.0
2016-10-21,484.0
2016-10-24,502.0
2016-10-25,504.0
2016-10-26,507.0
2016-10-27,512.0
2016-10-28,518.0
2016-10-31,504.0
2016-11-01,507.0
2016-11-02,503.0
2016-11-04,501.0
2016-11-07,601.0
2016-11-08,589.0
2016-11-09,569.0
2016-11-10,607.0
2016-11-11,618.0
2016-11-14,667.0
2016-11-15,656.0
2016-11-16,659.0
2016-11-17,657.0
2016-11-18,652.0
2016-11-21,659.0
2016-11-22,693.0
2016-11-24,689.0
2016-11-25,721.0
2016-11-28,719.0
2016-11-29,753.0
2016-11-30,744.0
2016-12-01,782.0
2016-12-02,786.0
2016-12-05,820.0
2016-12-06,835.0
2016-12-07,838.0
2016-12-08,824.0
2016-12-09,799.0
2016-12-12,766.0
2016-12-13,779.0
2016-12-14,754.0
2016-12-15,744.0
2016-12-16,740.0
2016-12-19,748.0
2016-12-20,736.0
2016-12-21,734.0
2016-12-22,724.0
2016-12-26,727.0
2016-12-27,725.0
2016-12-28,733.0
2016-12-29,716.0
2016-12-30,730.0
2017-01-04,771.0
2017-01-05,758.0
2017-01-06,763.0
2017-01-10,754.0
2017-01-11,763.0
2017-01-12,751.0
2017-01-13,769.0
2017-01-16,771.0
2017-01-17,755.0
2017-01-18,758.0
2017-01-19,762.0
2017-01-20,771.0
2017-01-23,766.0
2017-01-24,752.0
2017-01-25,755.0
2017-01-26,759.0
2017-01-27,752.0
2017-01-30,751.0
2017-01-31,744.0
2017-02-01,776.0
2017-02-02,759.0
2017-02-03,765.0
2017-02-06,839.0
2017-02-07,890.0
2017-02-08,977.0
2017-02-09,951.0
2017-02-10,954.0
2017-02-13,964.0
2017-02-14,1004.0
2017-02-15,1044.0
2017-02-16,1014.0
2017-02-17,1016.0
2017-02-20,957.0
2017-02-21,947.0
2017-02-22,935.0
2017-02-23,946.0
2017-02-24,948.0
2017-02-27,939.0
2017-02-28,973.0
2017-03-01,993.0
2017-03-02,1026.0
2017-03-03,1017.0
2017-03-06,1022.0
2017-03-07,1020.0
2017-03-08,1031.0
2017-03-09,1030.0
2017-03-10,1050.0
2017-03-13,1056.0
2017-03-14,1070.0
2017-03-15,1061.0
2017-03-16,1016.0
2017-03-17,1026.0
2017-03-21,1002.0
2017-03-22,978.0
2017-03-23,975.0
2017-03-24,968.0
2017-03-27,949.0
2017-03-28,958.0
2017-03-29,973.0
2017-03-30,973.0
2017-03-31,970.0
2017-04-03,962.0
2017-04-04,918.0
2017-04-05,907.0
2017-04-06,872.0
2017-04-07,889.0
2017-04-10,926.0
2017-04-11,916.0
2017-04-12,879.0
2017-04-13,891.0
2017-04-14,872.0
2017-04-17,901.0
2017-04-18,894.0
2017-04-19,900.0
2017-04-20,901.0
2017-04-21,912.0
2017-04-24,910.0
2017-04-25,929.0
2017-04-26,928.0
2017-04-27,929.0
2017-04-28,922.0
2017-05-01,924.0
2017-05-02,935.0
2017-05-08,946.0
2017-05-09,947.0
2017-05-10,972.0
2017-05-11,959.0
2017-05-12,970.0
2017-05-15,920.0
2017-05-16,933.0
2017-05-17,940.0
2017-05-18,888.0
2017-05-19,833.0
2017-05-22,851.0
2017-05-23,863.0
2017-05-24,887.0
2017-05-25,873.0
2017-05-26,856.0
2017-05-29,854.0
2017-05-30,851.0
2017-05-31,836.0
2017-06-01,827.0
2017-06-02,837.0
2017-06-05,814.0
2017-06-06,803.0
2017-06-07,794.0
2017-06-08,800.0
2017-06-09,795.0
2017-06-12,790.0
2017-06-13,789.0
2017-06-14,769.0
2017-06-15,777.0
2017-06-16,793.0
2017-06-19,778.0
2017-06-20,776.0
2017-06-21,769.0
2017-06-22,778.0
2017-06-23,765.0
2017-06-26,777.0
2017-06-27,774.0
2017-06-28,768.0
2017-06-29,773.0
2017-06-30,770.0
2017-07-03,792.0
2017-07-04,783.0
2017-07-05,787.0
2017-07-06,796.0
2017-07-07,816.0
2017-07-10,814.0
2017-07-11,812.0
2017-07-12,818.0
2017-07-13,830.0
2017-07-14,814.0
2017-07-18,786.0
2017-07-19,794.0
2017-07-20,809.0
2017-07-21,818.0
2017-07-24,798.0
2017-07-25,798.0
2017-07-26,796.0
2017-07-27,786.0
2017-07-28,791.0
2017-07-31,777.0
2017-08-01,762.0
2017-08-02,773.0
2017-08-03,770.0
2017-08-04,780.0
2017-08-07,793.0
2017-08-08,781.0
2017-08-09,732.0
2017-08-10,737.0
2017-08-14,713.0
2017-08-15,697.0
2017-08-16,715.0
2017-08-17,722.0
2017-08-18,703.0
2017-08-21,696.0
2017-08-22,696.0
2017-08-23,689.0
2017-08-24,692.0
2017-08-25,693.0
2017-08-28,698.0
2017-08-29,702.0
2017-08-30,722.0
2017-08-31,749.0
2017-09-01,737.0
2017-09-04,717.0
2017-09-05,700.0
2017-09-06,699.0
2017-09-07,726.0
2017-09-08,716.0
2017-09-11,727.0
2017-09-12,737.0
2017-09-13,747.0
2017-09-14,758.0
2017-09-15,779.0
2017-09-19,773.0
2017-09-20,763.0
2017-09-21,772.0
2017-09-22,755.0
2017-09-25,778.0
2017-09-26,808.0
2017-09-27,829.0
2017-09-28,849.0
2017-09-29,847.0
2017-10-02,844.0
2017-10-03,853.0
2017-10-04,854.0
2017-10-05,837.0
2017-10-06,831.0
2017-10-10,825.0
2017-10-11,826.0
2017-10-12,840.0
2017-10-13,851.0
2017-10-16,869.0
2017-10-17,868.0
2017-10-18,850.0
2017-10-19,848.0
2017-10-20,836.0
2017-10-23,855.0
2017-10-24,847.0
2017-10-25,857.0
2017-10-26,856.0
2017-10-27,867.0
2017-10-30,878.0
2017-10-31,864.0
2017-11-01,855.0
2017-11-02,836.0
2017-11-06,830.0
2017-11-07,828.0
2017-11-08,828.0
2017-11-09,827.0
2017-11-10,848.0
2017-11-13,998.0
2017-11-14,1021.0
2017-11-15,964.0
2017-11-16,1008.0
2017-11-17,1238.0
2017-11-20,1338.0
2017-11-21,1170.0
2017-11-22,1224.0
2017-11-24,1350.0
2017-11-27,1292.0
2017-11-28,1324.0
2017-11-29,1276.0
2017-11-30,1314.0
2017-12-01,1462.0
2017-12-04,1440.0
2017-12-05,1358.0
2017-12-06,1388.0
2017-12-07,1355.0
2017-12-08,1287.0
2017-12-11,1252.0
2017-12-12,1282.0
2017-12-13,1323.0
2017-12-14,1306.0
2017-12-15,1202.0
2017-12-18,1190.0
2017-12-19,1189.0
2017-12-20,1202.0
2017-12-21,1175.0
2017-12-22,1160.0
2017-12-25,1160.0
2017-12-26,1149.0
2017-12-27,1160.0
2017-12-28,1139.0
2017-12-29,1151.0
2018-01-04,1106.0
2018-01-05,1095.0
2018-01-09,1129.0
2018-01-10,1126.0
2018-01-11,1143.0
2018-01-12,1148.0
2018-01-15,1163.0
2018-01-16,1113.0
2018-01-17,1055.0
2018-01-18,1038.0
2018-01-19,1052.0
2018-01-22,1075.0
2018-01-23,1078.0
2018-01-24,1101.0
2018-01-25,1119.0
2018-01-26,1152.0
2018-01-29,1145.0
2018-01-30,1145.0
2018-01-31,1136.0
2018-02-01,1178.0
2018-02-02,1199.0
2018-02-05,1150.0
2018-02-06,1004.0
2018-02-07,1028.0
2018-02-08,1043.0
2018-02-09,1063.0
2018-02-13,900.0
2018-02-14,887.0
2018-02-15,903.0
2018-02-16,932.0
2018-02-19,958.0
2018-02-20,946.0
2018-02-21,1002.0
2018-02-22,1006.0
2018-02-23,1010.0
2018-02-26,1030.0
2018-02-27,1048.0
2018-02-28,1061.0
2018-03-01,1049.0
2018-03-02,1044.0
2018-03-05,980.0
2018-03-06,1005.0
2018-03-07,1000.0
2018-03-08,995.0
2018-03-09,1019.0
2018-03-12,1067.0
2018-03-13,1054.0
2018-03-14,1069.0
2018-03-15,1061.0
2018-03-16,1043.0
2018-03-19,1047.0
2018-03-20,1092.0
2018-03-22,1111.0
2018-03-23,1035.0
2018-03-26,1032.0
2018-03-27,1120.0
2018-03-28,1155.0
2018-03-29,1173.0
2018-03-30,1183.0
2018-04-02,1202.0
2018-04-03,1220.0
2018-04-04,1208.0
2018-04-05,1165.0
2018-04-06,1128.0
2018-04-09,1105.0
2018-04-10,1085.0
2018-04-11,1052.0
2018-04-12,1093.0
2018-04-13,1141.0
2018-04-16,1144.0
2018-04-17,1084.0
2018-04-18,1131.0
2018-04-19,1132.0
2018-04-20,1150.0
2018-04-23,1174.0
2018-04-24,1152.0
2018-04-25,1155.0
2018-04-26,1143.0
2018-04-27,1149.0
2018-05-01,1134.0
2018-05-02,1166.0
2018-05-07,1180.0
2018-05-08,1193.0
2018-05-09,1190.0
2018-05-10,1186.0
2018-05-11,1169.0
2018-05-14,1279.0
2018-05-15,1355.0
2018-05-16,1338.0
2018-05-17,1319.0
2018-05-18,1353.0
2018-05-21,1482.0
2018-05-22,1556.0
2018-05-23,1580.0
2018-05-24,1546.0
2018-05-25,1535.0
2018-05-28,1543.0
2018-05-29,1524.0
2018-05-30,1515.0
2018-05-31,1530.0
2018-06-01,1516.0
2018-06-04,1547.0
2018-06-05,1524.0
2018-06-06,1550.0
2018-06-07,1605.0
2018-06-08,1557.0
2018-06-11,1670.0
2018-06-12,1664.0
2018-06-13,1686.0
2018-06-14,1742.0
2018-06-15,1742.0
2018-06-18,1732.0
2018-06-19,1820.0
2018-06-20,1857.0
2018-06-21,1804.0
2018-06-22,1813.0
2018-06-25,1742.0
2018-06-26,1775.0
2018-06-27,1898.0
2018-06-28,2030.0
2018-06-29,2033.0
2018-07-02,1962.0
2018-07-03,1945.0
2018-07-04,1991.0
2018-07-05,1839.0
2018-07-06,1905.0
2018-07-09,2033.0
2018-07-10,1938.0
2018-07-11,1733.0
2018-07-12,1637.0
2018-07-13,1625.0
2018-07-17,1627.0
2018-07-18,1610.0
2018-07-19,1671.0
2018-07-20,1666.0
2018-07-23,1649.0
2018-07-24,1730.0
2018-07-25,1773.0
2018-07-26,1761.0
2018-07-27,1701.0
2018-07-30,1580.0
2018-07-31,1660.0
2018-08-01,1603.0
2018-08-02,1579.0
2018-08-03,1537.0
2018-08-06,1542.0
2018-08-07,1570.0
2018-08-08,1636.0
2018-08-09,2008.0
2018-08-10,2021.0
2018-08-13,1955.0
2018-08-14,2035.0
2018-08-15,2064.0
2018-08-16,2048.0
2018-08-17,1931.0
2018-08-20,2009.0
2018-08-21,1961.0
2018-08-22,1949.0
2018-08-23,1962.0
2018-08-24,1953.0
2018-08-27,2004.0
2018-08-28,2037.0
2018-08-29,2047.0
2018-08-30,2099.0
2018-08-31,2152.0
2018-09-03,2078.0
2018-09-04,2076.0
2018-09-05,2030.0
2018-09-06,1977.0
2018-09-07,1997.0
2018-09-10,2009.0
2018-09-11,2035.0
2018-09-12,1972.0
2018-09-13,1991.0
2018-09-14,1978.0
2018-09-18,1986.0
2018-09-19,2028.0
2018-09-20,1975.0
2018-09-21,2041.0
2018-09-25,2205.0
2018-09-26,2238.0
2018-09-27,2280.0
2018-09-28,2330.0
2018-10-01,2393.0
2018-10-02,2283.0
2018-10-03,2340.0
2018-10-04,2289.0
2018-10-05,2264.0
2018-10-09,2120.0
2018-10-10,2148.0
2018-10-11,1988.0
2018-10-12,2006.0
2018-10-15,1999.0
2018-10-16,1963.0
2018-10-17,2128.0
2018-10-18,2144.0
2018-10-19,2077.0
2018-10-22,2083.0
2018-10-23,2064.0
2018-10-24,1999.0
2018-10-25,1837.0
2018-10-26,1758.0
2018-10-29,1711.0
2018-10-30,1735.0
2018-10-31,1774.0
2018-11-01,1729.0
2018-11-02,1744.0
2018-11-05,1714.0
2018-11-06,1683.0
2018-11-07,1696.0
2018-11-08,2096.0
2018-11-09,2170.0
2018-11-12,2233.0
2018-11-13,2178.0
2018-11-14,1945.0
2018-11-15,1883.0
2018-11-16,1992.0
2018-11-19,2014.0
2018-11-20,1909.0
2018-11-21,1862.0
2018-11-22,1867.0
2018-11-26,1814.0
2018-11-27,1822.0
2018-11-28,1819.0
2018-11-29,1808.0
2018-11-30,1929.0
2018-12-03,2056.0
2018-12-04,1984.0
2018-12-05,1979.0
2018-12-06,1946.0
2018-12-07,1898.0
2018-12-10,1748.0
2018-12-11,1973.0
2018-12-12,2227.0
2018-12-13,2112.0
2018-12-14,1972.0
2018-12-17,2088.0
2018-12-18,2004.0
2018-12-19,1979.0
2018-12-20,1872.0
2018-12-21,1791.0
2018-12-25,1645.0
2018-12-26,1674.0
2018-12-27,1772.0
2018-12-28,1729.0
2019-01-04,1652.0
