2006-04-17,523.3
2006-04-18,500.0
2006-04-19,511.7
2006-04-20,503.7
2006-04-21,500.0
2006-04-24,500.0
2006-04-25,496.7
2006-04-26,491.7
2006-04-27,501.0
2006-04-28,494.0
2006-05-01,503.3
2006-05-02,496.0
2006-05-08,500.0
2006-05-09,494.0
2006-05-10,493.3
2006-05-11,493.3
2006-05-12,490.7
2006-05-15,481.3
2006-05-16,486.3
2006-05-17,475.7
2006-05-18,466.7
2006-05-19,466.7
2006-05-22,451.7
2006-05-23,450.3
2006-05-24,450.0
2006-05-25,456.3
2006-05-26,456.7
2006-05-29,466.7
2006-05-30,487.3
2006-05-31,473.3
2006-06-01,473.3
2006-06-02,453.3
2006-06-05,486.7
2006-06-06,467.0
2006-06-07,473.3
2006-06-08,470.0
2006-06-09,473.0
2006-06-12,451.7
2006-06-13,450.7
2006-06-14,450.3
2006-06-15,453.3
2006-06-16,483.0
2006-06-19,480.0
2006-06-20,496.7
2006-06-21,496.7
2006-06-22,503.7
2006-06-23,500.3
2006-06-26,490.0
2006-06-27,471.3
2006-06-28,466.7
2006-06-29,471.3
2006-06-30,482.0
2006-07-03,484.0
2006-07-04,486.7
2006-07-05,486.7
2006-07-06,486.7
2006-07-07,480.0
2006-07-10,480.0
2006-07-12,478.0
2006-07-13,473.3
2006-07-14,473.3
2006-07-18,473.3
2006-07-19,476.7
2006-07-20,480.0
2006-07-21,480.0
2006-07-24,480.0
2006-07-25,479.3
2006-07-26,453.3
2006-07-27,453.3
2006-07-28,454.0
2006-08-01,456.7
2006-08-02,456.7
2006-08-03,466.7
2006-08-04,471.3
2006-08-07,471.3
2006-08-08,471.3
2006-08-09,466.7
2006-08-10,466.7
2006-08-11,470.0
2006-08-14,466.7
2006-08-15,460.7
2006-08-16,466.7
2006-08-17,466.7
2006-08-18,487.3
2006-08-21,487.3
2006-08-22,493.3
2006-08-23,493.3
2006-08-24,480.7
2006-08-25,498.7
2006-08-28,483.3
2006-08-29,486.7
2006-08-30,493.3
2006-08-31,496.7
2006-09-01,506.7
2006-09-04,503.3
2006-09-05,500.0
2006-09-06,486.7
2006-09-07,501.3
2006-09-08,496.7
2006-09-11,490.0
2006-09-12,493.3
2006-09-13,490.0
2006-09-14,493.3
2006-09-15,493.3
2006-09-19,493.3
2006-09-21,493.3
2006-09-22,497.3
2006-09-25,498.0
2006-09-26,500.0
2006-09-27,500.0
2006-09-28,503.3
2006-09-29,500.0
2006-10-02,486.7
2006-10-03,493.3
2006-10-04,496.7
2006-10-05,493.3
2006-10-10,486.7
2006-10-11,480.0
2006-10-12,466.7
2006-10-13,466.7
2006-10-16,477.3
2006-10-17,494.0
2006-10-19,473.3
2006-10-20,492.7
2006-10-23,474.7
2006-10-24,484.7
2006-10-25,492.0
2006-10-26,493.3
2006-10-27,494.0
2006-10-30,480.0
2006-10-31,480.0
2006-11-01,473.3
2006-11-02,470.0
2006-11-06,471.3
2006-11-07,470.7
2006-11-09,470.7
2006-11-10,483.3
2006-11-13,483.3
2006-11-14,473.3
2006-11-15,480.0
2006-11-16,480.0
2006-11-17,480.0
2006-11-20,470.0
2006-11-21,466.7
2006-11-22,470.0
2006-11-24,466.7
2006-11-27,472.0
2006-11-28,472.0
2006-11-29,473.3
2006-11-30,473.3
2006-12-01,470.0
2006-12-04,467.3
2006-12-05,470.7
2006-12-08,471.3
2006-12-11,480.7
2006-12-12,479.3
2006-12-13,473.3
2006-12-14,472.0
2006-12-15,473.3
2006-12-18,473.3
2006-12-19,474.7
2006-12-20,473.3
2006-12-21,473.3
2006-12-22,467.3
2006-12-25,478.7
2006-12-26,473.3
2006-12-28,473.3
2006-12-29,478.0
2007-01-04,479.3
2007-01-05,474.7
2007-01-09,468.7
2007-01-11,475.3
2007-01-12,470.7
2007-01-15,476.7
2007-01-16,472.7
2007-01-18,471.3
2007-01-19,474.0
2007-01-22,470.7
2007-01-23,469.3
2007-01-24,468.7
2007-01-25,470.7
2007-01-26,470.7
2007-01-29,470.0
2007-01-30,474.0
2007-01-31,470.0
2007-02-01,476.0
2007-02-02,478.7
2007-02-05,475.3
2007-02-06,486.7
2007-02-07,498.0
2007-02-08,492.7
2007-02-09,505.3
2007-02-13,500.0
2007-02-14,486.7
2007-02-15,487.3
2007-02-16,493.3
2007-02-19,500.0
2007-02-20,500.0
2007-02-21,498.0
2007-02-22,500.0
2007-02-23,503.3
2007-02-26,513.3
2007-02-27,516.7
2007-02-28,513.3
2007-03-01,503.3
2007-03-02,508.0
2007-03-05,513.3
2007-03-06,486.7
2007-03-07,488.7
2007-03-08,489.3
2007-03-09,499.3
2007-03-12,510.7
2007-03-13,514.7
2007-03-14,500.0
2007-03-15,500.0
2007-03-16,485.3
2007-03-19,485.3
2007-03-20,479.3
2007-03-22,485.3
2007-03-23,485.3
2007-03-26,486.0
2007-03-27,468.7
2007-03-28,472.0
2007-03-29,472.0
2007-03-30,473.3
2007-04-02,470.0
2007-04-03,468.7
2007-04-04,466.0
2007-04-05,466.7
2007-04-06,467.3
2007-04-09,466.7
2007-04-10,466.0
2007-04-11,460.7
2007-04-12,460.0
2007-04-13,464.0
2007-04-16,470.0
2007-04-17,453.3
2007-04-18,454.0
2007-04-19,453.3
2007-04-20,453.3
2007-04-23,450.7
2007-04-24,440.7
2007-04-25,441.3
2007-04-26,446.7
2007-04-27,450.0
2007-05-01,446.7
2007-05-02,450.0
2007-05-07,447.3
2007-05-08,450.0
2007-05-09,456.0
2007-05-10,456.7
2007-05-11,453.3
2007-05-14,453.3
2007-05-15,446.7
2007-05-16,446.7
2007-05-17,446.7
2007-05-18,426.7
2007-05-21,433.3
2007-05-22,436.7
2007-05-23,433.3
2007-05-24,436.0
2007-05-25,436.0
2007-05-28,433.3
2007-05-29,429.3
2007-05-30,433.3
2007-05-31,433.3
2007-06-01,430.0
2007-06-04,428.7
2007-06-05,428.0
2007-06-06,424.0
2007-06-07,421.3
2007-06-08,420.0
2007-06-11,420.0
2007-06-12,414.0
2007-06-13,402.7
2007-06-14,399.3
2007-06-15,399.3
2007-06-18,399.3
2007-06-19,406.7
2007-06-20,400.0
2007-06-21,400.7
2007-06-22,400.0
2007-06-25,393.3
2007-06-26,393.3
2007-06-27,386.0
2007-06-28,383.3
2007-06-29,388.7
2007-07-02,386.7
2007-07-03,393.3
2007-07-04,393.3
2007-07-05,393.3
2007-07-06,393.3
2007-07-09,393.3
2007-07-10,396.0
2007-07-11,400.0
2007-07-12,397.3
2007-07-13,399.3
2007-07-17,392.0
2007-07-18,392.7
2007-07-19,386.0
2007-07-20,379.3
2007-07-23,363.3
2007-07-24,366.7
2007-07-25,375.3
2007-07-26,369.3
2007-07-27,364.0
2007-07-30,366.7
2007-07-31,353.3
2007-08-01,366.0
2007-08-02,366.0
2007-08-03,366.0
2007-08-06,360.0
2007-08-07,372.0
2007-08-08,370.0
2007-08-09,354.7
2007-08-10,356.7
2007-08-13,354.7
2007-08-14,339.3
2007-08-15,345.3
2007-08-16,330.0
2007-08-17,336.7
2007-08-20,330.0
2007-08-21,340.0
2007-08-22,340.0
2007-08-23,333.3
2007-08-24,342.0
2007-08-27,345.3
2007-08-28,347.3
2007-08-29,343.3
2007-08-30,333.3
2007-08-31,340.0
2007-09-03,336.7
2007-09-04,336.7
2007-09-05,336.7
2007-09-06,335.3
2007-09-07,330.0
2007-09-10,333.3
2007-09-11,320.0
2007-09-12,324.7
2007-09-13,316.7
2007-09-14,309.3
2007-09-18,310.0
2007-09-19,313.3
2007-09-20,313.3
2007-09-21,313.3
2007-09-25,320.0
2007-09-26,320.7
2007-09-27,320.0
2007-09-28,320.0
2007-10-01,318.0
2007-10-02,317.3
2007-10-03,316.7
2007-10-04,316.7
2007-10-05,316.7
2007-10-09,314.7
2007-10-10,314.7
2007-10-11,312.7
2007-10-12,311.3
2007-10-15,310.0
2007-10-16,308.0
2007-10-17,305.3
2007-10-18,315.3
2007-10-19,316.7
2007-10-22,313.3
2007-10-23,312.0
2007-10-24,306.7
2007-10-25,306.7
2007-10-26,306.7
2007-10-29,306.7
2007-10-30,306.0
2007-10-31,302.0
2007-11-01,306.7
2007-11-02,306.7
2007-11-05,304.0
2007-11-06,303.3
2007-11-07,300.0
2007-11-08,300.0
2007-11-09,316.0
2007-11-12,316.0
2007-11-13,309.3
2007-11-14,311.3
2007-11-15,312.7
2007-11-16,313.3
2007-11-19,316.7
2007-11-20,318.7
2007-11-21,330.7
2007-11-22,330.0
2007-11-26,349.3
2007-11-27,351.3
2007-11-28,366.0
2007-11-29,360.0
2007-11-30,366.7
2007-12-03,353.3
2007-12-04,366.7
2007-12-05,365.3
2007-12-06,366.7
2007-12-07,370.0
2007-12-10,376.7
2007-12-11,377.3
2007-12-12,377.3
2007-12-13,376.7
2007-12-14,376.7
2007-12-17,370.0
2007-12-18,350.0
2007-12-19,350.0
2007-12-20,326.7
2007-12-21,353.3
2007-12-25,353.3
2007-12-26,344.0
2007-12-27,363.3
2007-12-28,344.0
2008-01-04,360.0
2008-01-07,358.7
2008-01-08,356.0
2008-01-09,350.0
2008-01-10,340.0
2008-01-11,333.3
2008-01-15,325.3
2008-01-16,306.0
2008-01-17,297.3
2008-01-18,305.3
2008-01-21,286.0
2008-01-22,284.0
2008-01-23,283.3
2008-01-24,300.0
2008-01-25,303.3
2008-01-28,296.7
2008-01-29,304.7
2008-01-30,305.3
2008-01-31,302.7
2008-02-01,302.0
2008-02-04,303.3
2008-02-05,300.7
2008-02-06,297.3
2008-02-07,286.0
2008-02-08,287.3
2008-02-12,281.3
2008-02-13,281.3
2008-02-14,292.0
2008-02-15,292.0
2008-02-18,292.0
2008-02-19,288.7
2008-02-20,290.7
2008-02-21,296.7
2008-02-22,300.0
2008-02-25,313.3
2008-02-26,317.3
2008-02-27,318.0
2008-02-28,317.3
2008-02-29,314.0
2008-03-03,303.3
2008-03-04,306.7
2008-03-05,304.0
2008-03-06,310.0
2008-03-07,304.0
2008-03-10,290.0
2008-03-11,288.0
2008-03-12,287.3
2008-03-13,268.7
2008-03-14,272.0
2008-03-17,260.0
2008-03-18,260.0
2008-03-19,263.3
2008-03-21,265.3
2008-03-24,266.0
2008-03-25,272.0
2008-03-26,270.7
2008-03-27,257.3
2008-03-28,253.3
2008-03-31,234.7
2008-04-01,238.7
2008-04-02,236.7
2008-04-03,237.3
2008-04-04,243.3
2008-04-07,249.3
2008-04-08,256.7
2008-04-09,254.0
2008-04-10,259.3
2008-04-11,265.3
2008-04-14,265.3
2008-04-15,266.7
2008-04-16,267.3
2008-04-17,277.3
2008-04-18,281.3
2008-04-21,285.3
2008-04-22,266.7
2008-04-23,269.3
2008-04-24,272.7
2008-04-25,282.0
2008-04-28,280.7
2008-04-30,270.7
2008-05-01,275.3
2008-05-02,272.0
2008-05-07,270.7
2008-05-08,279.3
2008-05-09,287.3
2008-05-12,292.7
2008-05-13,294.7
2008-05-14,298.0
2008-05-15,300.7
2008-05-16,312.7
2008-05-19,316.0
2008-05-20,319.3
2008-05-21,315.3
2008-05-22,309.3
2008-05-23,315.3
2008-05-26,316.7
2008-05-27,316.7
2008-05-28,310.0
2008-05-29,318.7
2008-05-30,321.3
2008-06-02,324.0
2008-06-03,325.3
2008-06-04,320.0
2008-06-05,326.7
2008-06-06,322.0
2008-06-09,318.7
2008-06-10,318.7
2008-06-11,318.7
2008-06-12,310.0
2008-06-13,309.3
2008-06-16,308.7
2008-06-17,323.3
2008-06-18,316.7
2008-06-19,316.7
2008-06-20,314.7
2008-06-23,312.0
2008-06-24,308.0
2008-06-25,306.0
2008-06-26,306.7
2008-06-27,313.3
2008-06-30,301.3
2008-07-01,295.3
2008-07-02,294.0
2008-07-03,292.7
2008-07-04,290.0
2008-07-07,286.7
2008-07-08,282.7
2008-07-09,280.0
2008-07-10,280.0
2008-07-11,280.0
2008-07-14,273.3
2008-07-15,270.0
2008-07-16,266.0
2008-07-17,266.0
2008-07-18,265.3
2008-07-22,266.7
2008-07-23,266.0
2008-07-24,269.3
2008-07-25,272.7
2008-07-28,274.7
2008-07-29,274.7
2008-07-30,275.3
2008-07-31,261.3
2008-08-01,252.7
2008-08-04,249.3
2008-08-05,241.3
2008-08-06,233.3
2008-08-07,229.3
2008-08-08,232.7
2008-08-11,234.7
2008-08-12,240.0
2008-08-13,226.0
2008-08-14,221.3
2008-08-15,223.3
2008-08-18,223.3
2008-08-19,221.3
2008-08-20,217.3
2008-08-21,213.3
2008-08-22,207.3
2008-08-25,210.0
2008-08-26,206.0
2008-08-27,202.7
2008-08-28,198.0
2008-08-29,211.3
2008-09-01,204.0
2008-09-02,205.3
2008-09-03,205.3
2008-09-04,205.3
2008-09-05,203.3
2008-09-08,204.0
2008-09-09,203.3
2008-09-10,205.3
2008-09-11,203.3
2008-09-12,204.7
2008-09-16,200.0
2008-09-17,204.7
2008-09-18,200.0
2008-09-19,201.3
2008-09-22,215.3
2008-09-24,201.3
2008-09-25,200.7
2008-09-26,194.7
2008-09-29,193.3
2008-09-30,186.7
2008-10-01,193.3
2008-10-02,185.3
2008-10-03,184.7
2008-10-06,174.7
2008-10-07,163.3
2008-10-08,160.0
2008-10-09,169.3
2008-10-10,169.3
2008-10-14,192.7
2008-10-15,190.0
2008-10-16,186.0
2008-10-17,193.3
2008-10-20,190.0
2008-10-21,199.3
2008-10-22,202.7
2008-10-23,200.0
2008-10-24,196.0
2008-10-27,198.7
2008-10-28,193.3
2008-10-29,193.3
2008-10-30,194.7
2008-10-31,194.7
2008-11-04,202.0
2008-11-05,198.0
2008-11-06,194.7
2008-11-07,197.3
2008-11-10,206.7
2008-11-11,209.3
2008-11-12,210.0
2008-11-13,216.7
2008-11-14,224.0
2008-11-17,206.0
2008-11-18,214.7
2008-11-19,218.0
2008-11-20,213.3
2008-11-21,202.0
2008-11-25,214.0
2008-11-26,217.3
2008-11-27,210.7
2008-11-28,216.7
2008-12-01,232.7
2008-12-02,219.3
2008-12-03,220.0
2008-12-04,230.0
2008-12-05,230.0
2008-12-08,238.7
2008-12-09,238.7
2008-12-10,238.7
2008-12-11,238.7
2008-12-12,240.0
2008-12-15,253.3
2008-12-16,246.7
2008-12-17,246.7
2008-12-18,250.0
2008-12-19,252.0
2008-12-22,262.7
2008-12-24,241.3
2008-12-25,253.3
2008-12-26,252.0
2008-12-29,244.7
2008-12-30,245.3
2009-01-05,236.7
2009-01-06,247.3
2009-01-07,250.0
2009-01-08,254.0
2009-01-09,260.0
2009-01-13,253.3
2009-01-14,253.3
2009-01-15,260.7
2009-01-16,260.0
2009-01-19,258.0
2009-01-20,258.0
2009-01-21,256.7
2009-01-22,254.7
2009-01-23,252.0
2009-01-26,253.3
2009-01-27,253.3
2009-01-28,256.0
2009-01-29,257.3
2009-01-30,258.0
2009-02-02,252.7
2009-02-03,253.3
2009-02-04,255.3
2009-02-05,261.3
2009-02-06,262.7
2009-02-09,253.3
2009-02-10,242.7
2009-02-12,242.7
2009-02-13,243.3
2009-02-16,253.3
2009-02-17,242.7
2009-02-18,241.3
2009-02-19,243.3
2009-02-20,246.7
2009-02-23,243.3
2009-02-24,241.3
2009-02-25,249.3
2009-02-26,249.3
2009-02-27,249.3
2009-03-02,242.7
2009-03-03,233.3
2009-03-04,236.7
2009-03-05,237.3
2009-03-06,233.3
2009-03-09,235.3
2009-03-10,234.0
2009-03-11,229.3
2009-03-12,229.3
2009-03-13,221.3
2009-03-16,224.7
2009-03-17,221.3
2009-03-18,213.3
2009-03-19,214.0
2009-03-23,213.3
2009-03-24,214.7
2009-03-25,216.0
2009-03-26,202.0
2009-03-27,199.3
2009-03-30,199.3
2009-03-31,196.7
2009-04-01,196.0
2009-04-02,194.7
2009-04-03,194.7
2009-04-06,194.7
2009-04-07,194.0
2009-04-08,193.3
2009-04-09,194.0
2009-04-10,194.0
2009-04-13,192.7
2009-04-14,195.3
2009-04-15,196.0
2009-04-16,196.7
2009-04-17,198.7
2009-04-20,202.7
2009-04-21,200.7
2009-04-22,200.0
2009-04-23,200.0
2009-04-24,200.0
2009-04-27,206.0
2009-04-28,205.3
2009-04-30,202.7
2009-05-01,200.0
2009-05-07,206.0
2009-05-08,202.7
2009-05-11,202.0
2009-05-12,202.0
2009-05-13,202.0
2009-05-14,200.7
2009-05-15,200.7
2009-05-18,200.7
2009-05-19,201.3
2009-05-20,201.3
2009-05-21,198.7
2009-05-22,200.0
2009-05-25,200.0
2009-05-26,202.0
2009-05-27,201.3
2009-05-28,202.7
2009-05-29,204.0
2009-06-01,210.0
2009-06-02,209.3
2009-06-03,209.3
2009-06-04,208.7
2009-06-05,205.3
2009-06-08,207.3
2009-06-09,214.7
2009-06-10,222.7
2009-06-11,226.0
2009-06-12,230.7
2009-06-15,230.7
2009-06-16,230.7
2009-06-17,234.0
2009-06-18,235.3
2009-06-19,231.3
2009-06-22,230.0
2009-06-23,226.7
2009-06-24,230.7
2009-06-25,230.0
2009-06-26,235.3
2009-06-29,235.3
2009-06-30,243.3
2009-07-01,234.0
2009-07-02,230.7
2009-07-03,233.3
2009-07-06,233.3
2009-07-07,233.3
2009-07-08,232.0
2009-07-09,226.7
2009-07-10,236.0
2009-07-13,233.3
2009-07-14,227.3
2009-07-15,226.0
2009-07-16,228.0
2009-07-17,229.3
2009-07-21,226.0
2009-07-22,226.0
2009-07-23,226.7
2009-07-24,228.0
2009-07-27,236.0
2009-07-28,236.7
2009-07-29,236.7
2009-07-30,232.0
2009-07-31,228.0
2009-08-03,230.0
2009-08-04,226.7
2009-08-05,228.7
2009-08-06,233.3
2009-08-07,230.0
2009-08-10,233.3
2009-08-11,233.3
2009-08-12,233.3
2009-08-13,228.7
2009-08-14,225.3
2009-08-17,229.3
2009-08-18,231.3
2009-08-19,230.7
2009-08-20,231.3
2009-08-21,234.0
2009-08-24,233.3
2009-08-25,236.0
2009-08-26,235.3
2009-08-27,234.7
2009-08-28,238.0
2009-08-31,240.0
2009-09-01,238.0
2009-09-02,236.0
2009-09-03,234.7
2009-09-04,234.0
2009-09-07,227.3
2009-09-08,227.3
2009-09-09,224.7
2009-09-10,226.7
2009-09-11,224.7
2009-09-14,226.0
2009-09-15,220.0
2009-09-16,219.3
2009-09-17,219.3
2009-09-18,219.3
2009-09-24,219.3
2009-09-25,219.3
2009-09-28,219.3
2009-09-29,218.0
2009-09-30,213.3
2009-10-01,213.3
2009-10-02,210.7
2009-10-05,206.0
2009-10-06,203.3
2009-10-07,200.0
2009-10-08,202.0
2009-10-09,201.3
2009-10-13,204.7
2009-10-14,206.0
2009-10-15,208.0
2009-10-16,208.7
2009-10-19,210.0
2009-10-20,210.0
2009-10-21,208.7
2009-10-22,206.0
2009-10-23,203.3
2009-10-26,208.0
2009-10-27,206.7
2009-10-28,205.3
2009-10-29,200.0
2009-10-30,201.3
2009-11-02,203.3
2009-11-04,200.0
2009-11-05,202.0
2009-11-06,202.0
2009-11-09,200.7
2009-11-10,201.3
2009-11-11,201.3
2009-11-12,201.3
2009-11-13,203.3
2009-11-16,201.3
2009-11-17,200.0
2009-11-18,200.0
2009-11-19,201.3
2009-11-20,201.3
2009-11-24,204.7
2009-11-25,206.0
2009-11-26,206.0
2009-11-27,206.0
2009-11-30,206.0
2009-12-01,204.0
2009-12-02,203.3
2009-12-03,200.0
2009-12-04,200.0
2009-12-07,199.3
2009-12-08,200.0
2009-12-09,197.3
2009-12-10,197.3
2009-12-11,196.7
2009-12-14,196.7
2009-12-15,195.3
2009-12-16,194.7
2009-12-17,194.7
2009-12-18,194.0
2009-12-21,196.7
2009-12-22,195.3
2009-12-24,196.7
2009-12-25,200.7
2009-12-28,200.0
2009-12-29,200.0
2009-12-30,197.3
2010-01-04,199.3
2010-01-05,200.0
2010-01-06,203.3
2010-01-07,205.3
2010-01-08,204.7
2010-01-12,209.3
2010-01-13,211.3
2010-01-14,213.3
2010-01-15,218.7
2010-01-18,219.3
2010-01-19,219.3
2010-01-20,217.3
2010-01-21,217.3
2010-01-22,217.3
2010-01-25,217.3
2010-01-26,217.3
2010-01-27,215.3
2010-01-28,210.7
2010-01-29,206.7
2010-02-01,207.3
2010-02-02,208.0
2010-02-03,215.3
2010-02-04,216.0
2010-02-05,212.0
2010-02-08,212.0
2010-02-09,210.7
2010-02-10,210.7
2010-02-12,208.7
2010-02-15,210.0
2010-02-16,210.0
2010-02-17,209.3
2010-02-18,206.7
2010-02-19,209.3
2010-02-22,211.3
2010-02-23,212.7
2010-02-24,211.3
2010-02-25,213.3
2010-02-26,216.0
2010-03-01,218.7
2010-03-02,218.0
2010-03-03,214.7
2010-03-04,214.0
2010-03-05,216.0
2010-03-08,216.0
2010-03-09,216.7
2010-03-10,218.0
2010-03-11,219.3
2010-03-12,220.0
2010-03-15,220.0
2010-03-16,220.7
2010-03-17,224.7
2010-03-18,226.0
2010-03-19,224.0
2010-03-23,225.3
2010-03-24,225.3
2010-03-25,229.3
2010-03-26,224.0
2010-03-29,208.7
2010-03-30,211.3
2010-03-31,212.7
2010-04-01,212.7
2010-04-02,210.7
2010-04-05,211.3
2010-04-06,212.7
2010-04-07,211.3
2010-04-08,213.3
2010-04-09,214.0
2010-04-12,212.7
2010-04-13,213.3
2010-04-14,215.3
2010-04-15,216.7
2010-04-16,218.7
2010-04-19,219.3
2010-04-20,221.3
2010-04-21,223.3
2010-04-22,228.7
2010-04-23,222.0
2010-04-26,227.3
2010-04-27,228.0
2010-04-28,223.3
2010-04-30,214.0
2010-05-06,214.0
2010-05-07,210.0
2010-05-10,213.3
2010-05-11,210.7
2010-05-12,208.7
2010-05-13,210.7
2010-05-14,207.3
2010-05-17,212.0
2010-05-18,211.3
2010-05-19,209.3
2010-05-20,209.3
2010-05-21,209.3
2010-05-24,212.7
2010-05-25,212.0
2010-05-26,204.7
2010-05-27,206.7
2010-05-28,210.7
2010-05-31,216.0
2010-06-01,212.0
2010-06-02,212.0
2010-06-03,214.7
2010-06-04,218.0
2010-06-07,218.0
2010-06-08,216.0
2010-06-09,215.3
2010-06-10,215.3
2010-06-11,217.3
2010-06-14,218.7
2010-06-15,217.3
2010-06-16,216.0
2010-06-17,220.0
2010-06-18,220.7
2010-06-21,218.7
2010-06-22,220.0
2010-06-23,220.0
2010-06-24,220.0
2010-06-25,214.0
2010-06-28,217.3
2010-06-29,216.7
2010-06-30,214.7
2010-07-01,214.7
2010-07-02,214.7
2010-07-05,214.7
2010-07-06,212.7
2010-07-07,213.3
2010-07-08,215.3
2010-07-09,218.0
2010-07-12,223.3
2010-07-13,223.3
2010-07-14,223.3
2010-07-15,224.0
2010-07-16,220.0
2010-07-20,216.7
2010-07-21,216.7
2010-07-22,214.7
2010-07-23,216.0
2010-07-26,218.7
2010-07-27,225.3
2010-07-28,224.7
2010-07-29,223.3
2010-07-30,221.3
2010-08-02,220.0
2010-08-03,218.0
2010-08-04,213.3
2010-08-05,218.7
2010-08-06,215.3
2010-08-09,216.0
2010-08-10,217.3
2010-08-11,215.3
2010-08-12,213.3
2010-08-13,214.7
2010-08-16,213.3
2010-08-17,209.3
2010-08-18,212.0
2010-08-19,210.0
2010-08-20,208.7
2010-08-23,210.7
2010-08-24,204.7
2010-08-25,208.0
2010-08-26,208.0
2010-08-27,212.7
2010-08-30,212.7
2010-08-31,213.3
2010-09-01,213.3
2010-09-02,210.0
2010-09-03,209.3
2010-09-06,210.7
2010-09-07,211.3
2010-09-08,212.0
2010-09-09,214.0
2010-09-10,213.3
2010-09-13,212.0
2010-09-14,212.0
2010-09-15,213.3
2010-09-16,213.3
2010-09-17,213.3
2010-09-21,213.3
2010-09-22,213.3
2010-09-24,204.7
2010-09-27,212.7
2010-09-28,212.7
2010-09-29,208.7
2010-09-30,206.0
2010-10-01,212.7
2010-10-04,206.0
2010-10-05,207.3
2010-10-06,207.3
2010-10-07,208.0
2010-10-08,211.3
2010-10-12,208.0
2010-10-13,208.7
2010-10-14,206.7
2010-10-15,206.7
2010-10-18,206.0
2010-10-19,206.7
2010-10-20,206.0
2010-10-21,203.3
2010-10-22,206.7
2010-10-25,204.0
2010-10-26,206.0
2010-10-27,203.3
2010-10-28,205.3
2010-10-29,204.7
2010-11-01,206.7
2010-11-02,205.3
2010-11-04,206.0
2010-11-05,206.0
2010-11-08,206.0
2010-11-09,210.7
2010-11-10,212.7
2010-11-11,209.3
2010-11-12,206.7
2010-11-15,210.0
2010-11-16,206.0
2010-11-17,207.3
2010-11-18,207.3
2010-11-19,211.3
2010-11-22,210.0
2010-11-24,211.3
2010-11-25,214.0
2010-11-26,214.0
2010-11-29,213.3
2010-11-30,211.3
2010-12-01,212.0
2010-12-02,212.0
2010-12-03,213.3
2010-12-06,211.3
2010-12-07,213.3
2010-12-08,214.0
2010-12-09,213.3
2010-12-10,214.0
2010-12-13,223.3
2010-12-14,221.3
2010-12-15,221.3
2010-12-16,221.3
2010-12-17,224.7
2010-12-20,225.3
2010-12-21,224.0
2010-12-22,224.7
2010-12-24,226.0
2010-12-27,224.7
2010-12-28,225.3
2010-12-29,225.3
2010-12-30,224.7
2011-01-04,225.3
2011-01-05,226.0
2011-01-06,227.3
2011-01-07,235.3
2011-01-11,237.3
2011-01-12,239.3
2011-01-13,240.0
2011-01-14,239.3
2011-01-17,238.7
2011-01-18,238.0
2011-01-19,237.3
2011-01-20,235.3
2011-01-21,233.3
2011-01-24,238.0
2011-01-25,240.7
2011-01-26,247.3
2011-01-27,247.3
2011-01-28,246.7
2011-01-31,246.0
2011-02-01,246.0
2011-02-02,245.3
2011-02-03,245.3
2011-02-04,246.7
2011-02-07,248.0
2011-02-08,250.7
2011-02-09,254.7
2011-02-10,259.3
2011-02-14,264.7
2011-02-15,264.0
2011-02-16,263.3
2011-02-17,263.3
2011-02-18,264.7
2011-02-21,264.7
2011-02-22,264.0
2011-02-23,264.7
2011-02-24,264.0
2011-02-25,262.7
2011-02-28,262.7
2011-03-01,264.0
2011-03-02,265.3
2011-03-03,265.3
2011-03-04,266.7
2011-03-07,268.7
2011-03-08,267.3
2011-03-09,266.7
2011-03-10,264.0
2011-03-11,263.3
2011-03-14,236.7
2011-03-15,209.3
2011-03-16,224.0
2011-03-17,223.3
2011-03-18,230.0
2011-03-22,247.3
2011-03-23,252.0
2011-03-24,254.7
2011-03-25,256.0
2011-03-28,258.0
2011-03-29,230.0
2011-03-30,230.0
2011-03-31,231.3
2011-04-01,230.0
2011-04-04,223.3
2011-04-05,214.7
2011-04-06,216.0
2011-04-07,214.7
2011-04-08,215.3
2011-04-11,220.7
2011-04-12,212.0
2011-04-13,211.3
2011-04-14,210.7
2011-04-15,214.7
2011-04-18,213.3
2011-04-19,211.3
2011-04-20,213.3
2011-04-21,216.0
2011-04-22,216.7
2011-04-25,213.3
2011-04-26,212.7
2011-04-27,214.0
2011-04-28,212.7
2011-05-02,216.0
2011-05-06,214.0
2011-05-09,217.3
2011-05-10,222.0
2011-05-11,224.0
2011-05-12,226.0
2011-05-13,222.0
2011-05-16,220.7
2011-05-17,222.0
2011-05-18,222.7
2011-05-19,224.7
2011-05-20,222.0
2011-05-23,223.3
2011-05-24,226.0
2011-05-25,224.7
2011-05-26,222.0
2011-05-27,222.7
2011-05-30,222.7
2011-05-31,224.0
2011-06-01,224.0
2011-06-02,224.0
2011-06-03,224.0
2011-06-06,223.3
2011-06-07,222.7
2011-06-08,223.3
2011-06-09,225.3
2011-06-10,224.7
2011-06-13,223.3
2011-06-14,222.7
2011-06-15,223.3
2011-06-16,224.0
2011-06-17,222.7
2011-06-20,222.7
2011-06-21,222.0
2011-06-22,222.0
2011-06-23,221.3
2011-06-24,222.7
2011-06-27,223.3
2011-06-28,220.7
2011-06-29,224.7
2011-06-30,224.7
2011-07-01,227.3
2011-07-04,229.3
2011-07-05,233.3
2011-07-06,238.7
2011-07-07,243.3
2011-07-08,248.0
2011-07-11,255.3
2011-07-12,253.3
2011-07-13,250.7
2011-07-14,247.3
2011-07-15,244.0
2011-07-19,242.0
2011-07-20,246.7
2011-07-21,253.3
2011-07-22,253.3
2011-07-25,256.0
2011-07-26,253.3
2011-07-27,246.7
2011-07-28,252.7
2011-07-29,254.0
2011-08-01,270.7
2011-08-02,258.7
2011-08-03,253.3
2011-08-04,255.3
2011-08-05,250.7
2011-08-08,250.0
2011-08-09,247.3
2011-08-10,250.7
2011-08-11,246.7
2011-08-12,249.3
2011-08-15,250.0
2011-08-16,250.7
2011-08-17,250.7
2011-08-18,250.0
2011-08-19,245.3
2011-08-22,245.3
2011-08-23,242.7
2011-08-24,245.3
2011-08-25,246.7
2011-08-26,244.0
2011-08-29,245.3
2011-08-30,246.7
2011-08-31,246.0
2011-09-01,246.0
2011-09-02,246.7
2011-09-05,246.7
2011-09-06,243.3
2011-09-07,242.0
2011-09-08,248.0
2011-09-09,249.3
2011-09-12,245.3
2011-09-13,249.3
2011-09-14,246.7
2011-09-15,247.3
2011-09-16,248.7
2011-09-20,252.0
2011-09-21,259.3
2011-09-22,270.0
2011-09-26,262.0
2011-09-27,258.7
2011-09-28,259.3
2011-09-29,260.0
2011-09-30,266.7
2011-10-03,263.3
2011-10-04,265.3
2011-10-05,263.3
2011-10-06,264.0
2011-10-07,266.0
2011-10-11,268.0
2011-10-12,269.3
2011-10-13,274.7
2011-10-14,277.3
2011-10-17,279.3
2011-10-18,278.0
2011-10-19,277.3
2011-10-20,275.3
2011-10-21,276.7
2011-10-24,280.0
2011-10-25,286.7
2011-10-26,285.3
2011-10-27,286.7
2011-10-28,300.0
2011-10-31,294.0
2011-11-01,292.7
2011-11-02,303.3
2011-11-04,298.7
2011-11-07,300.0
2011-11-08,302.0
2011-11-09,302.0
2011-11-10,301.3
2011-11-11,298.0
2011-11-14,303.3
2011-11-15,340.7
2011-11-16,329.3
2011-11-17,336.7
2011-11-18,338.0
2011-11-21,330.0
2011-11-22,330.7
2011-11-24,332.7
2011-11-25,336.0
2011-11-28,343.3
2011-11-29,344.7
2011-11-30,336.7
2011-12-01,341.3
2011-12-02,352.7
2011-12-05,353.3
2011-12-06,370.0
2011-12-07,392.7
2011-12-08,414.0
2011-12-09,414.0
2011-12-12,418.7
2011-12-13,424.0
2011-12-14,404.0
2011-12-15,392.0
2011-12-16,373.3
2011-12-19,356.0
2011-12-20,353.3
2011-12-21,393.3
2011-12-22,390.0
2011-12-26,390.7
2011-12-27,411.3
2011-12-28,423.3
2011-12-29,417.3
2011-12-30,426.0
2012-01-04,440.0
2012-01-05,436.0
2012-01-06,422.0
2012-01-10,414.7
2012-01-11,418.7
2012-01-12,412.0
2012-01-13,412.0
2012-01-16,410.0
2012-01-17,400.0
2012-01-18,410.7
2012-01-19,403.3
2012-01-20,412.0
2012-01-23,408.7
2012-01-24,410.7
2012-01-25,419.3
2012-01-26,419.3
2012-01-27,402.0
2012-01-30,402.0
2012-01-31,394.7
2012-02-01,396.7
2012-02-02,398.7
2012-02-03,396.0
2012-02-06,389.3
2012-02-07,392.7
2012-02-08,392.7
2012-02-09,398.7
2012-02-10,402.0
2012-02-13,407.3
2012-02-14,406.7
2012-02-15,408.0
2012-02-16,412.0
2012-02-17,420.7
2012-02-20,406.7
2012-02-21,404.7
2012-02-22,404.7
2012-02-23,415.3
2012-02-24,413.3
2012-02-27,421.3
2012-02-28,414.0
2012-02-29,420.7
2012-03-01,412.7
2012-03-02,421.3
2012-03-05,420.7
2012-03-06,423.3
2012-03-07,421.3
2012-03-08,421.3
2012-03-09,457.3
2012-03-12,492.7
2012-03-13,483.3
2012-03-14,489.3
2012-03-15,498.7
2012-03-16,503.3
2012-03-19,506.7
2012-03-21,516.0
2012-03-22,526.0
2012-03-23,514.7
2012-03-26,514.7
2012-03-27,507.3
2012-03-28,495.3
2012-03-29,520.0
2012-03-30,519.3
2012-04-02,519.3
2012-04-03,534.0
2012-04-04,522.7
2012-04-05,527.3
2012-04-06,535.3
2012-04-09,542.0
2012-04-10,559.3
2012-04-11,588.7
2012-04-12,624.0
2012-04-13,616.7
2012-04-16,633.3
2012-04-17,607.3
2012-04-18,612.0
2012-04-19,626.7
2012-04-20,613.3
2012-04-23,602.0
2012-04-24,578.0
2012-04-25,602.0
2012-04-26,626.0
2012-04-27,648.7
2012-05-01,635.3
2012-05-02,626.7
2012-05-07,606.0
2012-05-08,570.0
2012-05-09,549.3
2012-05-10,543.3
2012-05-11,517.3
2012-05-14,490.0
2012-05-15,504.0
2012-05-16,518.0
2012-05-17,510.7
2012-05-18,486.7
2012-05-21,476.7
2012-05-22,511.3
2012-05-23,514.7
2012-05-24,504.7
2012-05-25,514.7
2012-05-28,460.0
2012-05-29,456.7
2012-05-30,468.7
2012-05-31,463.3
2012-06-01,445.3
2012-06-04,390.0
2012-06-05,400.7
2012-06-06,467.3
2012-06-07,482.0
2012-06-08,471.3
2012-06-11,471.3
2012-06-12,473.3
2012-06-13,468.7
2012-06-14,466.7
2012-06-15,470.0
2012-06-18,490.7
2012-06-19,491.3
2012-06-20,532.7
2012-06-21,550.0
2012-06-22,557.3
2012-06-25,569.3
2012-06-26,556.7
2012-06-27,584.7
2012-06-28,580.0
2012-06-29,573.3
2012-07-02,576.7
2012-07-03,607.3
2012-07-04,620.0
2012-07-05,604.7
2012-07-06,583.3
2012-07-09,598.7
2012-07-10,605.3
2012-07-11,613.3
2012-07-12,620.0
2012-07-13,626.0
2012-07-17,653.3
2012-07-18,623.3
2012-07-19,633.3
2012-07-20,622.0
2012-07-23,616.7
2012-07-24,616.7
2012-07-25,638.0
2012-07-26,640.0
2012-07-27,646.7
2012-07-30,632.0
2012-07-31,636.7
2012-08-01,634.7
2012-08-02,620.0
2012-08-03,605.3
2012-08-06,611.3
2012-08-07,624.0
2012-08-08,609.3
2012-08-09,638.0
2012-08-10,632.7
2012-08-13,635.3
2012-08-14,644.7
2012-08-15,645.3
2012-08-16,643.3
2012-08-17,640.7
2012-08-20,640.7
2012-08-21,639.3
2012-08-22,644.7
2012-08-23,648.7
2012-08-24,626.7
2012-08-27,627.3
2012-08-28,611.3
2012-08-29,616.7
2012-08-30,624.7
2012-08-31,630.7
2012-09-03,624.7
2012-09-04,632.7
2012-09-05,617.3
2012-09-06,615.3
2012-09-07,613.3
2012-09-10,611.3
2012-09-11,607.3
2012-09-12,613.3
2012-09-13,603.3
2012-09-14,620.0
2012-09-18,594.0
2012-09-19,592.7
2012-09-20,620.0
2012-09-21,671.3
2012-09-24,675.3
2012-09-25,672.0
2012-09-26,714.0
2012-09-27,692.0
2012-09-28,695.3
2012-10-01,753.3
2012-10-02,815.3
2012-10-03,822.7
2012-10-04,809.3
2012-10-05,816.0
2012-10-09,802.7
2012-10-10,785.3
2012-10-11,757.3
2012-10-12,757.3
2012-10-15,755.3
2012-10-16,778.7
2012-10-17,806.0
2012-10-18,820.7
2012-10-19,820.7
2012-10-22,806.7
2012-10-23,808.7
2012-10-24,822.0
2012-10-25,817.3
2012-10-26,801.3
2012-10-29,801.3
2012-10-30,804.7
2012-10-31,832.7
2012-11-01,862.0
2012-11-02,853.3
2012-11-05,833.3
2012-11-06,797.3
2012-11-07,778.7
2012-11-08,764.0
2012-11-09,769.3
2012-11-12,750.0
2012-11-13,769.3
2012-11-14,762.7
2012-11-15,754.0
2012-11-16,711.3
2012-11-19,777.3
2012-11-20,788.0
2012-11-21,778.7
2012-11-22,721.3
2012-11-26,713.3
2012-11-27,728.0
2012-11-28,750.0
2012-11-29,769.3
2012-11-30,738.7
2012-12-03,744.7
2012-12-04,732.7
2012-12-05,743.3
2012-12-06,747.3
2012-12-07,742.0
2012-12-10,730.0
2012-12-11,724.0
2012-12-12,714.0
2012-12-13,699.3
2012-12-14,681.3
2012-12-17,673.3
2012-12-18,659.3
2012-12-19,646.7
2012-12-20,635.3
2012-12-21,663.3
2012-12-25,663.3
2012-12-26,661.3
2012-12-27,654.7
2012-12-28,657.3
2013-01-04,661.3
2013-01-07,666.0
2013-01-08,685.3
2013-01-09,694.7
2013-01-10,694.0
2013-01-11,687.3
2013-01-15,686.0
2013-01-16,698.7
2013-01-17,702.7
2013-01-18,700.0
2013-01-21,732.7
2013-01-22,698.7
2013-01-23,670.7
2013-01-24,669.3
2013-01-25,675.3
2013-01-28,684.0
2013-01-29,678.7
2013-01-30,670.0
2013-01-31,678.7
2013-02-01,690.7
2013-02-04,686.7
2013-02-05,680.0
2013-02-06,674.0
2013-02-07,679.3
2013-02-08,670.7
2013-02-12,654.0
2013-02-13,653.3
2013-02-14,652.0
2013-02-15,616.7
2013-02-18,635.3
2013-02-19,629.3
2013-02-20,630.7
2013-02-21,627.3
2013-02-22,617.3
2013-02-25,619.3
2013-02-26,612.7
2013-02-27,611.3
2013-02-28,614.7
2013-03-01,636.0
2013-03-04,671.3
2013-03-05,685.3
2013-03-06,678.7
2013-03-07,698.0
2013-03-08,706.7
2013-03-11,720.0
2013-03-12,708.0
2013-03-13,698.0
2013-03-14,715.3
2013-03-15,718.0
2013-03-18,738.7
2013-03-19,732.7
2013-03-21,768.0
2013-03-22,771.3
2013-03-25,778.0
2013-03-26,780.0
2013-03-27,788.7
2013-03-28,825.3
2013-03-29,824.0
2013-04-01,793.3
2013-04-02,823.3
2013-04-03,970.7
2013-04-04,960.0
2013-04-05,1019.3
2013-04-08,1156.0
2013-04-09,1081.3
2013-04-10,1113.3
2013-04-11,1094.0
2013-04-12,1084.0
2013-04-15,1025.3
2013-04-16,1018.7
2013-04-17,1050.7
2013-04-18,1097.3
2013-04-19,1089.3
2013-04-22,1120.0
2013-04-23,1102.0
2013-04-24,1116.0
2013-04-25,1123.3
2013-04-26,1096.7
2013-04-30,1134.0
2013-05-01,1107.3
2013-05-02,1162.0
2013-05-07,1144.7
2013-05-08,1131.3
2013-05-09,1082.0
2013-05-10,1116.0
2013-05-13,1131.3
2013-05-14,1138.0
2013-05-15,1108.0
2013-05-16,1060.0
2013-05-17,1022.0
2013-05-20,1000.7
2013-05-21,1000.7
2013-05-22,1015.3
2013-05-23,965.3
2013-05-24,980.0
2013-05-27,1009.3
2013-05-28,975.3
2013-05-29,1012.7
2013-05-30,968.0
2013-05-31,1040.0
2013-06-03,1016.7
2013-06-04,1049.3
2013-06-05,1024.7
2013-06-06,974.0
2013-06-07,950.7
2013-06-10,992.7
2013-06-11,966.0
2013-06-12,976.0
2013-06-13,993.3
2013-06-14,1041.3
2013-06-17,1040.0
2013-06-18,1020.0
2013-06-19,1039.3
2013-06-20,1077.3
2013-06-21,1092.0
2013-06-24,1082.0
2013-06-25,1057.3
2013-06-26,1016.7
2013-06-27,1072.7
2013-06-28,1125.3
2013-07-01,1156.7
2013-07-02,1146.0
2013-07-03,1091.3
2013-07-04,1157.3
2013-07-05,1146.7
2013-07-08,1110.7
2013-07-09,1120.0
2013-07-10,1102.0
2013-07-11,1092.7
2013-07-12,1075.3
2013-07-16,1072.7
2013-07-17,1062.7
2013-07-18,1056.7
2013-07-19,1058.7
2013-07-22,1065.3
2013-07-23,1097.3
2013-07-24,1117.3
2013-07-25,1144.7
2013-07-26,1111.3
2013-07-29,1056.7
2013-07-30,1096.0
2013-07-31,1034.0
2013-08-01,1041.3
2013-08-02,1057.3
2013-08-05,1076.0
2013-08-06,1068.0
2013-08-07,1030.7
2013-08-08,1034.0
2013-08-09,1045.3
2013-08-12,1019.3
2013-08-13,1029.3
2013-08-14,1012.7
2013-08-15,990.0
2013-08-16,964.7
2013-08-19,972.0
2013-08-20,959.3
2013-08-21,947.3
2013-08-22,933.3
2013-08-23,963.3
2013-08-26,960.7
2013-08-27,948.7
2013-08-28,909.3
2013-08-29,889.3
2013-08-30,866.0
2013-09-02,893.3
2013-09-03,874.7
2013-09-04,895.3
2013-09-05,896.0
2013-09-06,928.0
2013-09-09,913.3
2013-09-10,916.0
2013-09-11,948.0
2013-09-12,937.3
2013-09-13,952.7
2013-09-17,978.0
2013-09-18,979.3
2013-09-19,1004.0
2013-09-20,1018.0
2013-09-24,1022.7
2013-09-25,996.0
2013-09-26,1006.7
2013-09-27,1066.7
2013-09-30,1064.0
2013-10-01,1064.7
2013-10-02,1046.7
2013-10-03,1048.0
2013-10-04,1043.3
2013-10-07,1039.3
2013-10-08,1046.0
2013-10-09,1048.7
2013-10-10,1060.7
2013-10-11,1058.7
2013-10-15,1047.3
2013-10-16,1047.3
2013-10-17,1051.3
2013-10-18,1038.0
2013-10-21,1011.3
2013-10-22,987.3
2013-10-23,953.3
2013-10-24,974.0
2013-10-25,974.7
2013-10-28,976.7
2013-10-29,995.3
2013-10-30,970.7
2013-10-31,1037.3
2013-11-01,1055.3
2013-11-05,1036.0
2013-11-06,1032.0
2013-11-07,999.3
2013-11-08,1002.0
2013-11-11,994.0
2013-11-12,973.3
2013-11-13,987.3
2013-11-14,1013.3
2013-11-15,1000.7
2013-11-18,1006.7
2013-11-19,1024.7
2013-11-20,1037.3
2013-11-21,1038.0
2013-11-22,1024.0
2013-11-25,1030.0
2013-11-26,1014.0
2013-11-27,999.3
2013-11-28,998.0
2013-11-29,1004.0
2013-12-02,980.0
2013-12-03,1000.0
2013-12-04,993.3
2013-12-05,988.7
2013-12-06,983.3
2013-12-09,965.3
2013-12-10,958.0
2013-12-11,961.3
2013-12-12,949.3
2013-12-13,931.3
2013-12-16,890.7
2013-12-17,926.7
2013-12-18,934.7
2013-12-19,932.7
2013-12-20,932.0
2013-12-24,924.0
2013-12-25,934.0
2013-12-26,975.3
2013-12-27,996.7
2013-12-30,1012.0
2014-01-06,1008.0
2014-01-07,1048.7
2014-01-08,1014.7
2014-01-09,1028.0
2014-01-10,1028.0
2014-01-14,1008.7
2014-01-15,1002.7
2014-01-16,1015.3
2014-01-17,1031.3
2014-01-20,1044.0
2014-01-21,1071.3
2014-01-22,1035.3
2014-01-23,1015.3
2014-01-24,1002.7
2014-01-27,957.3
2014-01-28,963.3
2014-01-29,1011.3
2014-01-30,996.7
2014-01-31,969.3
2014-02-03,940.0
2014-02-04,905.3
2014-02-05,914.7
2014-02-06,904.7
2014-02-07,923.3
2014-02-10,938.7
2014-02-12,942.7
2014-02-13,928.7
2014-02-14,918.0
2014-02-17,928.7
2014-02-18,938.0
2014-02-19,928.0
2014-02-20,922.0
2014-02-21,909.3
2014-02-24,920.7
2014-02-25,922.7
2014-02-26,921.3
2014-02-27,930.0
2014-02-28,943.3
2014-03-03,960.0
2014-03-04,981.3
2014-03-05,965.3
2014-03-06,971.3
2014-03-07,977.3
2014-03-10,978.0
2014-03-11,992.0
2014-03-12,990.0
2014-03-13,973.3
2014-03-14,955.3
2014-03-17,960.0
2014-03-18,969.3
2014-03-19,986.0
2014-03-20,976.0
2014-03-24,1013.3
2014-03-25,1014.0
2014-03-26,1011.3
2014-03-27,1013.3
2014-03-28,1038.0
2014-03-31,1050.0
2014-04-01,1049.3
2014-04-02,1028.7
2014-04-03,1029.3
2014-04-04,1000.0
2014-04-07,990.7
2014-04-08,967.3
2014-04-09,961.3
2014-04-10,964.7
2014-04-11,946.0
2014-04-14,940.7
2014-04-15,944.0
2014-04-16,956.7
2014-04-17,944.0
2014-04-18,948.0
2014-04-21,943.3
2014-04-22,944.0
2014-04-23,958.7
2014-04-24,950.7
2014-04-25,961.3
2014-04-28,1004.7
2014-04-30,992.0
2014-05-01,990.0
2014-05-02,992.7
2014-05-07,968.0
2014-05-08,972.7
2014-05-09,982.0
2014-05-12,1014.7
2014-05-13,1004.7
2014-05-14,1024.0
2014-05-15,1033.3
2014-05-16,1020.7
2014-05-19,1025.3
2014-05-20,1008.7
2014-05-21,1028.7
2014-05-22,1064.0
2014-05-23,1129.3
2014-05-26,1182.0
2014-05-27,1156.7
2014-05-28,1148.0
2014-05-29,1155.3
2014-05-30,1152.0
2014-06-02,1185.3
2014-06-03,1203.3
2014-06-04,1205.3
2014-06-05,1204.7
2014-06-06,1173.3
2014-06-09,1156.0
2014-06-10,1194.0
2014-06-11,1189.3
2014-06-12,1186.7
2014-06-13,1196.0
2014-06-16,1183.3
2014-06-17,1191.3
2014-06-18,1200.7
2014-06-19,1206.7
2014-06-20,1219.3
2014-06-23,1244.0
2014-06-24,1278.7
2014-06-25,1304.7
2014-06-26,1334.7
2014-06-27,1378.7
2014-06-30,1375.3
2014-07-01,1395.3
2014-07-02,1468.7
2014-07-03,1408.0
2014-07-04,1440.0
2014-07-07,1415.3
2014-07-08,1396.7
2014-07-09,1388.7
2014-07-10,1391.3
2014-07-11,1380.7
2014-07-14,1402.0
2014-07-15,1393.3
2014-07-16,1378.7
2014-07-17,1391.3
2014-07-18,1392.0
2014-07-22,1399.3
2014-07-23,1392.0
2014-07-24,1436.0
2014-07-25,1446.0
2014-07-28,1423.3
2014-07-29,1424.0
2014-07-30,1385.3
2014-07-31,1310.0
2014-08-01,1312.7
2014-08-04,1331.3
2014-08-05,1300.0
2014-08-06,1311.3
2014-08-07,1350.7
2014-08-08,1358.7
2014-08-11,1391.3
2014-08-12,1348.0
2014-08-13,1333.3
2014-08-14,1334.0
2014-08-15,1438.7
2014-08-18,1434.7
2014-08-19,1456.7
2014-08-20,1529.3
2014-08-21,1565.3
2014-08-22,1628.7
2014-08-25,1636.7
2014-08-26,1556.0
2014-08-27,1580.7
2014-08-28,1549.3
2014-08-29,1640.7
2014-09-01,1616.0
2014-09-02,1600.0
2014-09-03,1595.3
2014-09-04,1717.3
2014-09-05,1785.3
2014-09-08,1769.3
2014-09-09,1762.0
2014-09-10,1673.3
2014-09-11,1686.0
2014-09-12,1670.0
2014-09-16,1698.0
2014-09-17,1705.3
2014-09-18,1675.3
2014-09-19,1672.0
2014-09-22,1672.7
2014-09-24,1666.0
2014-09-25,1710.7
2014-09-26,1687.0
2014-09-29,1641.0
2014-09-30,1691.0
2014-10-01,1679.0
2014-10-02,1688.0
2014-10-03,1611.0
2014-10-06,1651.0
2014-10-07,1628.0
2014-10-08,1625.0
2014-10-09,1642.0
2014-10-10,1631.0
2014-10-14,1520.0
2014-10-15,1573.0
2014-10-16,1523.0
2014-10-17,1467.0
2014-10-20,1540.0
2014-10-21,1526.0
2014-10-22,1532.0
2014-10-23,1525.0
2014-10-24,1553.0
2014-10-27,1539.0
2014-10-28,1539.0
2014-10-29,1581.0
2014-10-30,1567.0
2014-10-31,1586.0
2014-11-04,1531.0
2014-11-05,1527.0
2014-11-06,1493.0
2014-11-07,1501.0
2014-11-10,1503.0
2014-11-11,1502.0
2014-11-12,1555.0
2014-11-13,1530.0
2014-11-14,1660.0
2014-11-17,1645.0
2014-11-18,1667.0
2014-11-19,1625.0
2014-11-20,1746.0
2014-11-21,1766.0
2014-11-25,1696.0
2014-11-26,1662.0
2014-11-27,1620.0
2014-11-28,1650.0
2014-12-01,1576.0
2014-12-02,1536.0
2014-12-03,1528.0
2014-12-04,1538.0
2014-12-05,1520.0
2014-12-08,1514.0
2014-12-09,1464.0
2014-12-10,1437.0
2014-12-11,1453.0
2014-12-12,1470.0
2014-12-15,1471.0
2014-12-16,1470.0
2014-12-17,1483.0
2014-12-18,1491.0
2014-12-19,1509.0
2014-12-22,1498.0
2014-12-24,1504.0
2014-12-25,1498.0
2014-12-26,1531.0
2014-12-29,1548.0
2014-12-30,1548.0
2015-01-05,1572.0
2015-01-06,1562.0
2015-01-07,1571.0
2015-01-08,1561.0
2015-01-09,1554.0
2015-01-13,1561.0
2015-01-14,1548.0
2015-01-15,1570.0
2015-01-16,1561.0
2015-01-19,1569.0
2015-01-20,1572.0
2015-01-21,1574.0
2015-01-22,1582.0
2015-01-23,1606.0
2015-01-26,1643.0
2015-01-27,1691.0
2015-01-28,1735.0
2015-01-29,1688.0
2015-01-30,1700.0
2015-02-02,1697.0
2015-02-03,1666.0
2015-02-04,1700.0
2015-02-05,1679.0
2015-02-06,1662.0
2015-02-09,1657.0
2015-02-10,1684.0
2015-02-12,1696.0
2015-02-13,1643.0
2015-02-16,1646.0
2015-02-17,1659.0
2015-02-18,1719.0
2015-02-19,1729.0
2015-02-20,1748.0
2015-02-23,1818.0
2015-02-24,1845.0
2015-02-25,1866.0
2015-02-26,1862.0
2015-02-27,1819.0
2015-03-02,1836.0
2015-03-03,1863.0
2015-03-04,1860.0
2015-03-05,1908.0
2015-03-06,1864.0
2015-03-09,1868.0
2015-03-10,1879.0
2015-03-11,1907.0
2015-03-12,1970.0
2015-03-13,1927.0
2015-03-16,1927.0
2015-03-17,1936.0
2015-03-18,1936.0
2015-03-19,1960.0
2015-03-20,1910.0
2015-03-23,1903.0
2015-03-24,1951.0
2015-03-25,1950.0
2015-03-26,1995.0
2015-03-27,1932.0
2015-03-30,1919.0
2015-03-31,1930.0
2015-04-01,1861.0
2015-04-02,1871.0
2015-04-03,1937.0
2015-04-06,1968.0
2015-04-07,2018.0
2015-04-08,2113.0
2015-04-09,2156.0
2015-04-10,2123.0
2015-04-13,2200.0
2015-04-14,2177.0
2015-04-15,2122.0
2015-04-16,2102.0
2015-04-17,2116.0
2015-04-20,2124.0
2015-04-21,2173.0
2015-04-22,2190.0
2015-04-23,2195.0
2015-04-24,2199.0
2015-04-27,2188.0
2015-04-28,2194.0
2015-04-30,2150.0
2015-05-01,2130.0
2015-05-07,2128.0
2015-05-08,2164.0
2015-05-11,2171.0
2015-05-12,2160.0
2015-05-13,2344.0
2015-05-14,2246.0
2015-05-15,2362.0
2015-05-18,2369.0
2015-05-19,2330.0
2015-05-20,2172.0
2015-05-21,2240.0
2015-05-22,2227.0
2015-05-25,2213.0
2015-05-26,2248.0
2015-05-27,2228.0
2015-05-28,2216.0
2015-05-29,2263.0
2015-06-01,2259.0
2015-06-02,2247.0
2015-06-03,2246.0
2015-06-04,2219.0
2015-06-05,2225.0
2015-06-08,2132.0
2015-06-09,2054.0
2015-06-10,2075.0
2015-06-11,2105.0
2015-06-12,2117.0
2015-06-15,2049.0
2015-06-16,2053.0
2015-06-17,2080.0
2015-06-18,2031.0
2015-06-19,2163.0
2015-06-22,2167.0
2015-06-23,2260.0
2015-06-24,2247.0
2015-06-25,2207.0
2015-06-26,2232.0
2015-06-29,2170.0
2015-06-30,2211.0
2015-07-01,2235.0
2015-07-02,2273.0
2015-07-03,2212.0
2015-07-06,2161.0
2015-07-07,2198.0
2015-07-08,2132.0
2015-07-09,2121.0
2015-07-10,2082.0
2015-07-13,2127.0
2015-07-14,2193.0
2015-07-15,2240.0
2015-07-16,2301.0
2015-07-17,2312.0
2015-07-21,2303.0
2015-07-22,2290.0
2015-07-23,2334.0
2015-07-24,2327.0
2015-07-27,2327.0
2015-07-28,2383.0
2015-07-29,2381.0
2015-07-30,2370.0
2015-07-31,2314.0
2015-08-03,2363.0
2015-08-04,2321.0
2015-08-05,2313.0
2015-08-06,2303.0
2015-08-07,2283.0
2015-08-10,2374.0
2015-08-11,2392.0
2015-08-12,2323.0
2015-08-13,2268.0
2015-08-14,2318.0
2015-08-17,2343.0
2015-08-18,2307.0
2015-08-19,2275.0
2015-08-20,2310.0
2015-08-21,2191.0
2015-08-24,2037.0
2015-08-25,1930.0
2015-08-26,1971.0
2015-08-27,1979.0
2015-08-28,2089.0
2015-08-31,2083.0
2015-09-01,1943.0
2015-09-02,1943.0
2015-09-03,1985.0
2015-09-04,1921.0
2015-09-07,1844.0
2015-09-08,1792.0
2015-09-09,1903.0
2015-09-10,1897.0
2015-09-11,1929.0
2015-09-14,1907.0
2015-09-15,1924.0
2015-09-16,1888.0
2015-09-17,1961.0
2015-09-18,1923.0
2015-09-24,1919.0
2015-09-25,1964.0
2015-09-28,1970.0
2015-09-29,1936.0
2015-09-30,2041.0
2015-10-01,2070.0
2015-10-02,2068.0
2015-10-05,2089.0
2015-10-06,2139.0
2015-10-07,2156.0
2015-10-08,2051.0
2015-10-09,2123.0
2015-10-13,2088.0
2015-10-14,2110.0
2015-10-15,2145.0
2015-10-16,2136.0
2015-10-19,2003.0
2015-10-20,2007.0
2015-10-21,1961.0
2015-10-22,1888.0
2015-10-23,1930.0
2015-10-26,1950.0
2015-10-27,1912.0
2015-10-28,1894.0
2015-10-29,1928.0
2015-10-30,1929.0
2015-11-02,1885.0
2015-11-04,1855.0
2015-11-05,1876.0
2015-11-06,1841.0
2015-11-09,1805.0
2015-11-10,1756.0
2015-11-11,1707.0
2015-11-12,1734.0
2015-11-13,1795.0
2015-11-16,1791.0
2015-11-17,1805.0
2015-11-18,1803.0
2015-11-19,1880.0
2015-11-20,1917.0
2015-11-24,1940.0
2015-11-25,1953.0
2015-11-26,2128.0
2015-11-27,2061.0
2015-11-30,2033.0
2015-12-01,2002.0
2015-12-02,2021.0
2015-12-03,1969.0
2015-12-04,1939.0
2015-12-07,1950.0
2015-12-08,1931.0
2015-12-09,1867.0
2015-12-10,1830.0
2015-12-11,1800.0
2015-12-14,1759.0
2015-12-15,1760.0
2015-12-16,1771.0
2015-12-17,1788.0
2015-12-18,1786.0
2015-12-21,1765.0
2015-12-22,1808.0
2015-12-24,1752.0
2015-12-25,1742.0
2015-12-28,1736.0
2015-12-29,1788.0
2015-12-30,1775.0
2016-01-04,1723.0
2016-01-05,1742.0
2016-01-06,1714.0
2016-01-07,1731.0
2016-01-08,1722.0
2016-01-12,1665.0
2016-01-13,1725.0
2016-01-14,1681.0
2016-01-15,1712.0
2016-01-18,1694.0
2016-01-19,1728.0
2016-01-20,1667.0
2016-01-21,1615.0
2016-01-22,1661.0
2016-01-25,1784.0
2016-01-26,1726.0
2016-01-27,1792.0
2016-01-28,1726.0
2016-01-29,1769.0
2016-02-01,1734.0
2016-02-02,1793.0
2016-02-03,1812.0
2016-02-04,1754.0
2016-02-05,1700.0
2016-02-08,1700.0
2016-02-09,1602.0
2016-02-10,1543.0
2016-02-12,1436.0
2016-02-15,1502.0
2016-02-16,1459.0
2016-02-17,1472.0
2016-02-18,1472.0
2016-02-19,1454.0
2016-02-22,1498.0
2016-02-23,1491.0
2016-02-24,1478.0
2016-02-25,1475.0
2016-02-26,1481.0
2016-02-29,1502.0
2016-03-01,1543.0
2016-03-02,1565.0
2016-03-03,1472.0
2016-03-04,1473.0
2016-03-07,1465.0
2016-03-08,1426.0
2016-03-09,1422.0
2016-03-10,1480.0
2016-03-11,1520.0
2016-03-14,1582.0
2016-03-15,1586.0
2016-03-16,1564.0
2016-03-17,1577.0
2016-03-18,1558.0
2016-03-22,1584.0
2016-03-23,1569.0
2016-03-24,1572.0
2016-03-25,1569.0
2016-03-28,1602.0
2016-03-29,1552.0
2016-03-30,1557.0
2016-03-31,1559.0
2016-04-01,1530.0
2016-04-04,1475.0
2016-04-05,1416.0
2016-04-06,1434.0
2016-04-07,1435.0
2016-04-08,1451.0
2016-04-11,1435.0
2016-04-12,1468.0
2016-04-13,1456.0
2016-04-14,1501.0
2016-04-15,1483.0
2016-04-18,1436.0
2016-04-19,1464.0
2016-04-20,1442.0
2016-04-21,1483.0
2016-04-22,1483.0
2016-04-25,1470.0
2016-04-26,1443.0
2016-04-27,1456.0
2016-04-28,1397.0
2016-05-02,1360.0
2016-05-06,1324.0
2016-05-09,1316.0
2016-05-10,1335.0
2016-05-11,1299.0
2016-05-12,1390.0
2016-05-13,1309.0
2016-05-16,1210.0
2016-05-17,1221.0
2016-05-18,1224.0
2016-05-19,1241.0
2016-05-20,1217.0
2016-05-23,1238.0
2016-05-24,1242.0
2016-05-25,1223.0
2016-05-26,1235.0
2016-05-27,1275.0
2016-05-30,1314.0
2016-05-31,1362.0
2016-06-01,1330.0
2016-06-02,1310.0
2016-06-03,1300.0
2016-06-06,1236.0
2016-06-07,1255.0
2016-06-08,1252.0
2016-06-09,1245.0
2016-06-10,1223.0
2016-06-13,1156.0
2016-06-14,1117.0
2016-06-15,1113.0
2016-06-16,1048.0
2016-06-17,1086.0
2016-06-20,1108.0
2016-06-21,1121.0
2016-06-22,1109.0
2016-06-23,1134.0
2016-06-24,1034.0
2016-06-27,1033.0
2016-06-28,1021.0
2016-06-29,995.0
2016-06-30,1001.0
2016-07-01,987.0
2016-07-04,987.0
2016-07-05,958.0
2016-07-06,961.0
2016-07-07,945.0
2016-07-08,904.0
2016-07-11,964.0
2016-07-12,1015.0
2016-07-13,1040.0
2016-07-14,1030.0
2016-07-15,1019.0
2016-07-19,1018.0
2016-07-20,1006.0
2016-07-21,1027.0
2016-07-22,1020.0
2016-07-25,1069.0
2016-07-26,1012.0
2016-07-27,1068.0
2016-07-28,1080.0
2016-07-29,1098.0
2016-08-01,987.0
2016-08-02,1004.0
2016-08-03,1001.0
2016-08-04,1005.0
2016-08-05,1039.0
2016-08-08,1058.0
2016-08-09,1053.0
2016-08-10,1042.0
2016-08-12,1079.0
2016-08-15,1102.0
2016-08-16,1097.0
2016-08-17,1064.0
2016-08-18,1031.0
2016-08-19,1015.0
2016-08-22,1042.0
2016-08-23,1001.0
2016-08-24,1006.0
2016-08-25,1012.0
2016-08-26,997.0
2016-08-29,1016.0
2016-08-30,1009.0
2016-08-31,1033.0
2016-09-01,1058.0
2016-09-02,1060.0
2016-09-05,1064.0
2016-09-06,1068.0
2016-09-07,1054.0
2016-09-08,1065.0
2016-09-09,1053.0
2016-09-12,1063.0
2016-09-13,1042.0
2016-09-14,1056.0
2016-09-15,1039.0
2016-09-16,1060.0
2016-09-20,1038.0
2016-09-21,1068.0
2016-09-23,1099.0
2016-09-26,1092.0
2016-09-27,1135.0
2016-09-28,1127.0
2016-09-29,1105.0
2016-09-30,1085.0
2016-10-03,1085.0
2016-10-04,1110.0
2016-10-05,1115.0
2016-10-06,1114.0
2016-10-07,1113.0
2016-10-11,1127.0
2016-10-12,1102.0
2016-10-13,1114.0
2016-10-14,1113.0
2016-10-17,1097.0
2016-10-18,1101.0
2016-10-19,1127.0
2016-10-20,1160.0
2016-10-21,1144.0
2016-10-24,1124.0
2016-10-25,1120.0
2016-10-26,1125.0
2016-10-27,1122.0
2016-10-28,1127.0
2016-10-31,1123.0
2016-11-01,1128.0
2016-11-02,1124.0
2016-11-04,1218.0
2016-11-07,1143.0
2016-11-08,1151.0
2016-11-09,1147.0
2016-11-10,1173.0
2016-11-11,1172.0
2016-11-14,1177.0
2016-11-15,1188.0
2016-11-16,1178.0
2016-11-17,1175.0
2016-11-18,1179.0
2016-11-21,1167.0
2016-11-22,1163.0
2016-11-24,1205.0
2016-11-25,1226.0
2016-11-28,1226.0
2016-11-29,1209.0
2016-11-30,1214.0
2016-12-01,1214.0
2016-12-02,1183.0
2016-12-05,1138.0
2016-12-06,1137.0
2016-12-07,1162.0
2016-12-08,1161.0
2016-12-09,1171.0
2016-12-12,1181.0
2016-12-13,1200.0
2016-12-14,1189.0
2016-12-15,1196.0
2016-12-16,1214.0
2016-12-19,1200.0
2016-12-20,1207.0
2016-12-21,1187.0
2016-12-22,1194.0
2016-12-26,1177.0
2016-12-27,1216.0
2016-12-28,1210.0
2016-12-29,1202.0
2016-12-30,1185.0
2017-01-04,1223.0
2017-01-05,1266.0
2017-01-06,1238.0
2017-01-10,1215.0
2017-01-11,1200.0
2017-01-12,1177.0
2017-01-13,1170.0
2017-01-16,1146.0
2017-01-17,1131.0
2017-01-18,1126.0
2017-01-19,1118.0
2017-01-20,1107.0
2017-01-23,1104.0
2017-01-24,1118.0
2017-01-25,1136.0
2017-01-26,1110.0
2017-01-27,1128.0
2017-01-30,1123.0
2017-01-31,1227.0
2017-02-01,1196.0
2017-02-02,1195.0
2017-02-03,1205.0
2017-02-06,1227.0
2017-02-07,1197.0
2017-02-08,1205.0
2017-02-09,1199.0
2017-02-10,1200.0
2017-02-13,1196.0
2017-02-14,1221.0
2017-02-15,1236.0
2017-02-16,1235.0
2017-02-17,1231.0
2017-02-20,1255.0
2017-02-21,1271.0
2017-02-22,1268.0
2017-02-23,1260.0
2017-02-24,1264.0
2017-02-27,1236.0
2017-02-28,1234.0
2017-03-01,1231.0
2017-03-02,1241.0
2017-03-03,1234.0
2017-03-06,1241.0
2017-03-07,1255.0
2017-03-08,1248.0
2017-03-09,1250.0
2017-03-10,1266.0
2017-03-13,1256.0
2017-03-14,1259.0
2017-03-15,1260.0
2017-03-16,1245.0
2017-03-17,1252.0
2017-03-21,1264.0
2017-03-22,1248.0
2017-03-23,1253.0
2017-03-24,1250.0
2017-03-27,1250.0
2017-03-28,1258.0
2017-03-29,1267.0
2017-03-30,1289.0
2017-03-31,1265.0
2017-04-03,1252.0
2017-04-04,1222.0
2017-04-05,1201.0
2017-04-06,1182.0
2017-04-07,1214.0
2017-04-10,1217.0
2017-04-11,1199.0
2017-04-12,1185.0
2017-04-13,1173.0
2017-04-14,1160.0
2017-04-17,1173.0
2017-04-18,1166.0
2017-04-19,1153.0
2017-04-20,1180.0
2017-04-21,1198.0
2017-04-24,1209.0
2017-04-25,1218.0
2017-04-26,1220.0
2017-04-27,1246.0
2017-04-28,1243.0
2017-05-01,1284.0
2017-05-02,1298.0
2017-05-08,1317.0
2017-05-09,1355.0
2017-05-10,1331.0
2017-05-11,1311.0
2017-05-12,1291.0
2017-05-15,1311.0
2017-05-16,1288.0
2017-05-17,1286.0
2017-05-18,1281.0
2017-05-19,1263.0
2017-05-22,1268.0
2017-05-23,1259.0
2017-05-24,1253.0
2017-05-25,1241.0
2017-05-26,1229.0
2017-05-29,1217.0
2017-05-30,1211.0
2017-05-31,1197.0
2017-06-01,1214.0
2017-06-02,1230.0
2017-06-05,1230.0
2017-06-06,1211.0
2017-06-07,1195.0
2017-06-08,1190.0
2017-06-09,1184.0
2017-06-12,1183.0
2017-06-13,1170.0
2017-06-14,1171.0
2017-06-15,1170.0
2017-06-16,1194.0
2017-06-19,1205.0
2017-06-20,1223.0
2017-06-21,1203.0
2017-06-22,1220.0
2017-06-23,1227.0
2017-06-26,1246.0
2017-06-27,1258.0
2017-06-28,1255.0
2017-06-29,1290.0
2017-06-30,1261.0
2017-07-03,1270.0
2017-07-04,1232.0
2017-07-05,1248.0
2017-07-06,1253.0
2017-07-07,1235.0
2017-07-10,1216.0
2017-07-11,1234.0
2017-07-12,1219.0
2017-07-13,1218.0
2017-07-14,1222.0
2017-07-18,1238.0
2017-07-19,1208.0
2017-07-20,1208.0
2017-07-21,1213.0
2017-07-24,1238.0
2017-07-25,1234.0
2017-07-26,1239.0
2017-07-27,1242.0
2017-07-28,1268.0
2017-07-31,1213.0
2017-08-01,1295.0
2017-08-02,1310.0
2017-08-03,1305.0
2017-08-04,1345.0
2017-08-07,1330.0
2017-08-08,1322.0
2017-08-09,1296.0
2017-08-10,1282.0
2017-08-14,1271.0
2017-08-15,1287.0
2017-08-16,1291.0
2017-08-17,1275.0
2017-08-18,1267.0
2017-08-21,1285.0
2017-08-22,1285.0
2017-08-23,1305.0
2017-08-24,1302.0
2017-08-25,1305.0
2017-08-28,1301.0
2017-08-29,1329.0
2017-08-30,1322.0
2017-08-31,1304.0
2017-09-01,1315.0
2017-09-04,1270.0
2017-09-05,1264.0
2017-09-06,1256.0
2017-09-07,1259.0
2017-09-08,1238.0
2017-09-11,1261.0
2017-09-12,1273.0
2017-09-13,1282.0
2017-09-14,1292.0
2017-09-15,1292.0
2017-09-19,1328.0
2017-09-20,1347.0
2017-09-21,1346.0
2017-09-22,1338.0
2017-09-25,1333.0
2017-09-26,1359.0
2017-09-27,1419.0
2017-09-28,1433.0
2017-09-29,1458.0
2017-10-02,1449.0
2017-10-03,1447.0
2017-10-04,1350.0
2017-10-05,1333.0
2017-10-06,1336.0
2017-10-10,1329.0
2017-10-11,1362.0
2017-10-12,1352.0
2017-10-13,1365.0
2017-10-16,1371.0
2017-10-17,1378.0
2017-10-18,1372.0
2017-10-19,1376.0
2017-10-20,1372.0
2017-10-23,1383.0
2017-10-24,1370.0
2017-10-25,1358.0
2017-10-26,1362.0
2017-10-27,1377.0
2017-10-30,1368.0
2017-10-31,1381.0
2017-11-01,1401.0
2017-11-02,1487.0
2017-11-06,1413.0
2017-11-07,1395.0
2017-11-08,1384.0
2017-11-09,1411.0
2017-11-10,1389.0
2017-11-13,1381.0
2017-11-14,1415.0
2017-11-15,1408.0
2017-11-16,1342.0
2017-11-17,1323.0
2017-11-20,1325.0
2017-11-21,1328.0
2017-11-22,1331.0
2017-11-24,1341.0
2017-11-27,1330.0
2017-11-28,1317.0
2017-11-29,1369.0
2017-11-30,1398.0
2017-12-01,1370.0
2017-12-04,1398.0
2017-12-05,1412.0
2017-12-06,1361.0
2017-12-07,1369.0
2017-12-08,1357.0
2017-12-11,1387.0
2017-12-12,1363.0
2017-12-13,1359.0
2017-12-14,1361.0
2017-12-15,1353.0
2017-12-18,1360.0
2017-12-19,1355.0
2017-12-20,1359.0
2017-12-21,1367.0
2017-12-22,1355.0
2017-12-25,1368.0
2017-12-26,1365.0
2017-12-27,1393.0
2017-12-28,1382.0
2017-12-29,1394.0
2018-01-04,1386.0
2018-01-05,1359.0
2018-01-09,1306.0
2018-01-10,1281.0
2018-01-11,1265.0
2018-01-12,1286.0
2018-01-15,1303.0
2018-01-16,1311.0
2018-01-17,1334.0
2018-01-18,1341.0
2018-01-19,1372.0
2018-01-22,1357.0
2018-01-23,1377.0
2018-01-24,1383.0
2018-01-25,1353.0
2018-01-26,1341.0
2018-01-29,1339.0
2018-01-30,1288.0
2018-01-31,1215.0
2018-02-01,1205.0
2018-02-02,1215.0
2018-02-05,1207.0
2018-02-06,1174.0
2018-02-07,1145.0
2018-02-08,1153.0
2018-02-09,1147.0
2018-02-13,1156.0
2018-02-14,1132.0
2018-02-15,1149.0
2018-02-16,1140.0
2018-02-19,1162.0
2018-02-20,1154.0
2018-02-21,1151.0
2018-02-22,1155.0
2018-02-23,1157.0
2018-02-26,1163.0
2018-02-27,1188.0
2018-02-28,1208.0
2018-03-01,1190.0
2018-03-02,1188.0
2018-03-05,1167.0
2018-03-06,1180.0
2018-03-07,1201.0
2018-03-08,1183.0
2018-03-09,1165.0
2018-03-12,1170.0
2018-03-13,1190.0
2018-03-14,1193.0
2018-03-15,1175.0
2018-03-16,1164.0
2018-03-19,1136.0
2018-03-20,1131.0
2018-03-22,1134.0
2018-03-23,1108.0
2018-03-26,1099.0
2018-03-27,1158.0
2018-03-28,1122.0
2018-03-29,1131.0
2018-03-30,1141.0
2018-04-02,1127.0
2018-04-03,1134.0
2018-04-04,1135.0
2018-04-05,1140.0
2018-04-06,1134.0
2018-04-09,1153.0
2018-04-10,1155.0
2018-04-11,1163.0
2018-04-12,1185.0
2018-04-13,1188.0
2018-04-16,1185.0
2018-04-17,1160.0
2018-04-18,1157.0
2018-04-19,1148.0
2018-04-20,1146.0
2018-04-23,1140.0
2018-04-24,1143.0
2018-04-25,1150.0
2018-04-26,1179.0
2018-04-27,1172.0
2018-05-01,1162.0
2018-05-02,1172.0
2018-05-07,1170.0
2018-05-08,1159.0
2018-05-09,1163.0
2018-05-10,1168.0
2018-05-11,1163.0
2018-05-14,1175.0
2018-05-15,1173.0
2018-05-16,1162.0
2018-05-17,1144.0
2018-05-18,1139.0
2018-05-21,1120.0
2018-05-22,1125.0
2018-05-23,1120.0
2018-05-24,1114.0
2018-05-25,1099.0
2018-05-28,1086.0
2018-05-29,1062.0
2018-05-30,1035.0
2018-05-31,1041.0
2018-06-01,1033.0
2018-06-04,1037.0
2018-06-05,1022.0
2018-06-06,1024.0
2018-06-07,1031.0
2018-06-08,1020.0
2018-06-11,1024.0
2018-06-12,1022.0
2018-06-13,1033.0
2018-06-14,1020.0
2018-06-15,1008.0
2018-06-18,996.0
2018-06-19,977.0
2018-06-20,972.0
2018-06-21,963.0
2018-06-22,950.0
2018-06-25,985.0
2018-06-26,974.0
2018-06-27,1003.0
2018-06-28,989.0
2018-06-29,993.0
2018-07-02,956.0
2018-07-03,937.0
2018-07-04,935.0
2018-07-05,923.0
2018-07-06,927.0
2018-07-09,933.0
2018-07-10,936.0
2018-07-11,927.0
2018-07-12,942.0
2018-07-13,946.0
2018-07-17,961.0
2018-07-18,951.0
2018-07-19,955.0
2018-07-20,956.0
2018-07-23,950.0
2018-07-24,951.0
2018-07-25,970.0
2018-07-26,970.0
2018-07-27,982.0
2018-07-30,972.0
2018-07-31,970.0
2018-08-01,958.0
2018-08-02,947.0
2018-08-03,940.0
2018-08-06,931.0
2018-08-07,928.0
2018-08-08,931.0
2018-08-09,924.0
2018-08-10,923.0
2018-08-13,900.0
2018-08-14,906.0
2018-08-15,897.0
2018-08-16,888.0
2018-08-17,896.0
2018-08-20,886.0
2018-08-21,867.0
2018-08-22,863.0
2018-08-23,882.0
2018-08-24,880.0
2018-08-27,895.0
2018-08-28,895.0
2018-08-29,890.0
2018-08-30,877.0
2018-08-31,885.0
2018-09-03,878.0
2018-09-04,877.0
2018-09-05,879.0
2018-09-06,873.0
2018-09-07,890.0
2018-09-10,896.0
2018-09-11,882.0
2018-09-12,868.0
2018-09-13,868.0
2018-09-14,867.0
2018-09-18,886.0
2018-09-19,891.0
2018-09-20,875.0
2018-09-21,900.0
2018-09-25,922.0
2018-09-26,940.0
2018-09-27,938.0
2018-09-28,946.0
2018-10-01,1003.0
2018-10-02,1002.0
2018-10-03,1001.0
2018-10-04,1004.0
2018-10-05,998.0
2018-10-09,1013.0
2018-10-10,1005.0
2018-10-11,953.0
2018-10-12,943.0
2018-10-15,925.0
2018-10-16,936.0
2018-10-17,963.0
2018-10-18,955.0
2018-10-19,963.0
2018-10-22,993.0
2018-10-23,972.0
2018-10-24,1036.0
2018-10-25,977.0
2018-10-26,970.0
2018-10-29,975.0
2018-10-30,1004.0
2018-10-31,1000.0
2018-11-01,1127.0
2018-11-02,1106.0
2018-11-05,1099.0
2018-11-06,1099.0
2018-11-07,1092.0
2018-11-08,1100.0
2018-11-09,1127.0
2018-11-12,1105.0
2018-11-13,1096.0
2018-11-14,1097.0
2018-11-15,1094.0
2018-11-16,1097.0
2018-11-19,1100.0
2018-11-20,1100.0
2018-11-21,1102.0
2018-11-22,1082.0
2018-11-26,1071.0
2018-11-27,1101.0
2018-11-28,1102.0
2018-11-29,1104.0
2018-11-30,1124.0
2018-12-03,1103.0
2018-12-04,1084.0
2018-12-05,1145.0
2018-12-06,1183.0
2018-12-07,1197.0
2018-12-10,1156.0
2018-12-11,1151.0
2018-12-12,1164.0
2018-12-13,1187.0
2018-12-14,1176.0
2018-12-17,1177.0
2018-12-18,1137.0
2018-12-19,1146.0
2018-12-20,1103.0
2018-12-21,1103.0
2018-12-25,1090.0
2018-12-26,1111.0
2018-12-27,1140.0
2018-12-28,1116.0
2019-01-04,1100.0
